K_ENTIDAD_MUNICIPIO,PO2SM,IM,GM
01001,31.13,-1.676,Muy bajo
01005,33.77,-1.256,Muy bajo
01003,61.95,-0.698,Bajo
01007,43.44,-1.045,Bajo
01006,41.48,-1.129,Muy bajo
01002,52.76,-0.565,Bajo
01011,35.49,-1.156,Muy bajo
01009,49.39,-0.595,Bajo
01010,48.8,-0.614,Bajo
01004,49.79,-0.674,Bajo
01008,44.93,-0.735,Bajo
02004,20.47,-1.708,Muy bajo
02002,23.09,-1.648,Muy bajo
02001,29.63,-1.323,Muy bajo
02003,25.36,-1.408,Muy bajo
02005,25.72,-1.463,Muy bajo
03008,17.32,-1.296,Muy bajo
03003,22.24,-1.658,Muy bajo
03001,40.1,-1.017,Bajo
03002,28.16,-1.051,Bajo
03009,27.46,-1.345,Muy bajo
04002,38.21,-1.281,Muy bajo
04003,22.42,-1.186,Muy bajo
04004,56.78,-0.159,Medio
04009,58.84,-0.174,Medio
04001,54.47,-0.248,Medio
04011,60.34,0.769,Alto
04006,66.58,0.361,Alto
04005,51.36,-0.291,Medio
04010,44.78,0.706,Alto
04008,63.63,-0.133,Medio
04007,59.81,0.164,Alto
05030,17.01,-1.823,Muy bajo
05035,31.8,-1.722,Muy bajo
05018,17.88,-1.836,Muy bajo
05025,31.7,-1.531,Muy bajo
05002,44.27,-1.353,Muy bajo
05017,42.72,-1.098,Muy bajo
05033,56.32,-0.823,Bajo
05027,16.54,-1.73,Muy bajo
05010,19.27,-1.663,Muy bajo
05020,33.15,-1.34,Muy bajo
05028,23.73,-1.678,Muy bajo
05009,44.71,-1.021,Bajo
05024,54.54,-0.972,Bajo
05032,29.36,-1.61,Muy bajo
05022,30.23,-1.401,Muy bajo
05006,24.76,-1.484,Muy bajo
05031,21.91,-1.76,Muy bajo
05004,40.11,-0.849,Bajo
05003,28.02,-1.6,Muy bajo
05036,57.4,-0.38,Medio
05007,41.16,-0.992,Bajo
05038,40.06,-1.261,Muy bajo
05011,38.4,-0.624,Bajo
05023,33.26,-0.757,Bajo
05014,54.8,-0.448,Medio
05019,33.02,-1.427,Muy bajo
05034,21.19,-1.014,Bajo
05021,30.49,-1.106,Muy bajo
05037,46.93,-1.186,Muy bajo
05026,32.39,-0.819,Bajo
05008,36.43,-0.773,Bajo
05029,31.71,-1.077,Muy bajo
05016,40.63,-1.012,Bajo
05005,43.54,-0.647,Bajo
05012,40.82,-0.673,Bajo
05015,32.89,-0.958,Bajo
05013,21.86,-0.796,Bajo
05001,43.35,-1.184,Muy bajo
06007,22.39,-1.509,Muy bajo
06002,27.82,-1.595,Muy bajo
06010,24.88,-1.801,Muy bajo
06009,46.58,-0.716,Bajo
06005,35.19,-1.285,Muy bajo
06001,55.33,-0.481,Medio
06003,43.61,-0.873,Bajo
06004,39.65,-0.952,Bajo
06008,33.78,-0.762,Bajo
06006,62.42,-0.261,Medio
07101,35.65,-1.29,Muy bajo
07089,53.34,-0.577,Bajo
07059,62.96,1.417,Muy alto
07078,56.28,-0.729,Bajo
07019,62.25,-0.235,Medio
07031,75.04,2.238,Muy alto
07052,81.13,1.393,Muy alto
07065,63.26,0.475,Alto
07108,70.21,0.205,Alto
07027,52.39,-0.198,Medio
07061,64.37,0.379,Alto
07097,65.01,-0.028,Medio
07023,85.33,1.993,Muy alto
07017,65.75,0.004,Medio
07107,79.99,0.772,Alto
07096,82.29,1.589,Muy alto
07099,71.53,0.681,Alto
07034,76.66,0.336,Alto
07057,62.96,0.258,Alto
07106,79.9,0.851,Alto
07077,82.11,1.484,Muy alto
07040,67.45,0.141,Alto
07069,70.55,0.51,Alto
07012,57.02,0.152,Alto
07064,56.77,2.078,Muy alto
07051,66.85,0.249,Alto
07020,79.38,1.063,Alto
07015,71.42,0.092,Alto
07074,28.05,-0.901,Bajo
07041,72.43,0.515,Alto
07081,72.89,1.564,Muy alto
07093,81.4,1.266,Muy alto
07094,83.33,1.097,Alto
07102,63.93,0.298,Alto
07092,77.28,0.788,Alto
07111,84.44,1.692,Muy alto
07009,63.41,-0.27,Medio
07026,73.76,1.958,Muy alto
07079,55.82,0.22,Alto
07046,74.06,0.28,Alto
07087,70.72,0.581,Alto
07109,69.01,1.347,Muy alto
07080,88.05,0.992,Alto
07037,64.34,0.513,Alto
07013,77.88,0.658,Alto
07112,77.44,2.6,Muy alto
07030,71.38,0.789,Alto
07100,56.22,1.557,Muy alto
07004,80.61,1.412,Muy alto
07072,58.4,0.849,Alto
07032,70.29,0.314,Alto
07103,78.09,0.616,Alto
07002,64.08,0.276,Alto
07068,63.53,0.123,Alto
07006,70.58,0.508,Alto
07054,76.81,0.822,Alto
07071,71.95,0.73,Alto
07003,71.56,0.739,Alto
07075,80.74,1.394,Muy alto
07008,73.48,0.72,Alto
07044,74.69,0.483,Alto
07076,89.33,1.872,Muy alto
07086,58.23,0.026,Medio
07049,83.83,1.206,Alto
07038,63.75,1.024,Alto
07039,66.98,1.249,Muy alto
07014,82.35,1.261,Muy alto
07066,77.85,2.479,Muy alto
07021,71.16,0.403,Alto
07048,57.3,0.012,Medio
07047,72.06,0.776,Alto
07114,68.8,0.926,Alto
07011,68.79,0.644,Alto
07005,80.41,1.398,Muy alto
07083,78.68,0.862,Alto
07062,69.45,0.72,Alto
07001,66.74,0.237,Alto
07016,70.13,0.578,Alto
07022,84.9,2.853,Muy alto
07105,83.84,0.416,Alto
07104,82.92,0.535,Alto
07035,68.68,0.579,Alto
07070,83.7,0.484,Alto
07082,89.86,3.947,Muy alto
07115,89.87,1.689,Muy alto
07091,65.8,-0.018,Medio
07060,75.62,1.846,Muy alto
07024,47.75,1.475,Muy alto
07067,71.87,1.302,Muy alto
07056,78.8,2.121,Muy alto
07116,59.31,1.182,Alto
07042,83.39,0.49,Alto
07043,66.46,0.596,Alto
07085,69,0.292,Alto
07007,88.96,2.191,Muy alto
07073,50.39,0.509,Alto
07018,77.65,0.746,Alto
07084,78.19,0.863,Alto
07053,64.57,0.348,Alto
07117,82.23,1.01,Alto
07025,62.38,0.343,Alto
07010,76.84,1.08,Alto
07033,86.22,1.11,Alto
07098,82.87,1.435,Muy alto
07110,85.2,1.31,Muy alto
07036,62.2,0.482,Alto
07113,79.08,1.173,Alto
07028,77.29,1.005,Alto
07055,64.83,0.002,Medio
07045,74.49,0.845,Alto
07118,88.15,1.336,Muy alto
07029,44.15,-0.022,Medio
07050,76.25,0.323,Alto
07058,86.27,1.259,Muy alto
07090,49.12,0.444,Alto
07119,75.61,1.566,Muy alto
07063,66.67,0.019,Medio
07088,79.44,0.636,Alto
08037,42.69,-1.522,Muy bajo
08019,20.8,-1.909,Muy bajo
08017,24.88,-1.472,Muy bajo
08021,31.15,-1.587,Muy bajo
08032,33.76,-1.587,Muy bajo
08050,40.11,-1.57,Muy bajo
08029,55.72,2.217,Muy alto
08011,41.32,-1.402,Muy bajo
08027,55.23,2.36,Muy alto
08045,41.67,-1.24,Muy bajo
08036,39.94,-1.37,Muy bajo
08031,44.94,-0.513,Bajo
08062,29.75,-1.227,Muy bajo
08040,44.17,-0.833,Bajo
08052,24.65,-1.513,Muy bajo
08009,48.54,0.838,Alto
08005,40.43,-0.957,Bajo
08002,29.38,-1.495,Muy bajo
08010,44.56,-0.717,Bajo
08048,35.07,-0.938,Bajo
08065,56.74,3.264,Muy alto
08055,42.76,-0.962,Bajo
08007,53.77,2.369,Muy alto
08004,29.52,-1.467,Muy bajo
08001,37.67,-1.164,Muy bajo
08013,51.42,-0.969,Bajo
08008,62.15,5.027,Muy alto
08035,38.04,-0.89,Bajo
08060,24.31,-1.529,Muy bajo
08012,69.82,3.957,Muy alto
08025,51.35,-1.127,Muy bajo
08003,39.11,-0.954,Bajo
08054,24.14,-0.918,Bajo
08046,62.09,2.053,Muy alto
08051,22.36,-0.205,Medio
08020,40.29,0.686,Alto
08030,32.89,0.924,Alto
08034,54.68,-0.834,Bajo
08063,62.53,0.625,Alto
08006,39,-0.8,Bajo
08066,56.94,1.521,Muy alto
08023,36.93,-0.63,Bajo
08053,54.75,-0.637,Bajo
08028,46.46,-0.857,Bajo
08067,32.7,-0.75,Bajo
08047,43.05,0.191,Alto
08059,25.84,-1.088,Muy bajo
08018,43.81,-0.706,Bajo
08038,38.45,-0.785,Bajo
08044,45.78,-0.759,Bajo
08024,42.75,-0.822,Bajo
08039,44.42,-0.782,Bajo
08016,39.62,-1.007,Bajo
08061,40.76,-0.737,Bajo
08043,55.83,-0.649,Bajo
08049,51.22,0.096,Alto
08022,58.13,-0.492,Medio
08058,35.38,-1.157,Muy bajo
08026,48.47,-0.616,Bajo
08057,48.24,-0.378,Medio
08014,46.84,-0.821,Bajo
08056,59.66,-0.236,Medio
08064,58.22,-0.132,Medio
08015,32.28,-0.603,Bajo
08041,45.2,1.639,Muy alto
08042,36.89,-0.637,Bajo
08033,60,-0.307,Medio
09007,34.04,-1.627,Muy bajo
09005,31.03,-1.728,Muy bajo
09010,26.52,-1.779,Muy bajo
09012,28,-1.738,Muy bajo
09003,24.46,-1.994,Muy bajo
09015,24.81,-1.951,Muy bajo
09017,29.02,-1.811,Muy bajo
09014,12.67,-2.228,Muy bajo
09013,33.77,-1.527,Muy bajo
09002,25.97,-1.871,Muy bajo
09006,27.26,-1.885,Muy bajo
09016,15.42,-2.131,Muy bajo
09011,39.92,-1.537,Muy bajo
09008,28.51,-1.657,Muy bajo
09004,22.17,-1.822,Muy bajo
09009,44.85,-1.029,Bajo
10005,35.47,-1.585,Muy bajo
10007,31.48,-1.488,Muy bajo
10012,40.27,-1.215,Muy bajo
10023,41.83,0.106,Alto
10032,48.31,-0.676,Bajo
10014,44.45,4.845,Muy alto
10004,47.13,-0.728,Bajo
10008,51.98,-1.018,Bajo
10001,57.38,-0.822,Bajo
10039,54.23,-1.001,Bajo
10034,62.38,1.624,Muy alto
10013,44.76,-0.746,Bajo
10022,57.48,-0.846,Bajo
10036,51.36,-0.791,Bajo
10038,56.36,-1.117,Muy bajo
10016,54.51,-0.731,Bajo
10026,28.71,-0.26,Medio
10024,61.16,-0.521,Bajo
10015,61.38,-0.404,Medio
10028,48.59,-0.564,Bajo
10020,48.8,-0.761,Bajo
10018,37.97,-1.093,Muy bajo
10035,45.2,0.144,Alto
10021,59.5,-0.703,Bajo
10006,56.81,-0.113,Medio
10009,40.96,0.233,Alto
10017,49.22,-0.561,Bajo
10037,33.23,0.321,Alto
10031,68.53,-0.43,Medio
10033,59.89,-0.218,Medio
10027,66.33,0.126,Alto
10019,59.76,0.956,Alto
10011,59.17,-0.444,Medio
10002,32.46,0.45,Alto
10003,57.17,-0.419,Medio
10010,44.75,-0.689,Bajo
10025,46.51,-0.103,Medio
10029,52.4,-0.482,Medio
10030,58.22,-0.503,Bajo
11020,26.41,-1.494,Muy bajo
11017,36.98,-1.276,Muy bajo
11007,36.2,-1.386,Muy bajo
11027,35.26,-1.296,Muy bajo
11037,37.93,-0.785,Bajo
11015,27.32,-1.272,Muy bajo
11003,38.03,-0.611,Bajo
11014,52.41,-0.268,Medio
11023,52.67,-0.304,Medio
11042,54.84,-0.55,Bajo
11033,50.16,-0.246,Medio
11031,30.53,-1.064,Bajo
11030,54.81,-0.044,Medio
11002,49.83,-0.861,Bajo
11028,53.13,-0.639,Bajo
11011,45.24,-0.967,Bajo
11005,39.9,-0.803,Bajo
11001,62.51,-0.265,Medio
11035,56.98,-0.431,Medio
11009,50.68,-0.2,Medio
11025,27.69,-1.004,Bajo
11032,28.44,-0.914,Bajo
11046,59.05,-0.419,Medio
11004,42.77,-0.643,Bajo
11041,50.44,-1.005,Bajo
11026,54.2,-0.449,Medio
11044,40,-1.02,Bajo
11021,47.78,-1.197,Muy bajo
11019,60.89,-0.017,Medio
11029,66.17,0.27,Alto
11008,45.72,-0.425,Medio
11018,56.25,-0.795,Bajo
11039,53.08,-0.447,Medio
11012,59.69,-0.483,Medio
11013,47.33,-0.286,Medio
11022,63.36,-0.174,Medio
11016,67.39,-0.527,Bajo
11043,35.33,0.059,Medio
11040,49.68,0.413,Alto
11038,66.15,-0.574,Bajo
11010,56.14,-0.415,Medio
11024,55.71,-0.411,Medio
11045,57.08,0.677,Alto
11036,56.07,-0.388,Medio
11034,50.18,0.147,Alto
11006,34.75,0.627,Alto
12001,49.97,-0.768,Bajo
12029,34.38,-0.733,Bajo
12035,45.4,-0.58,Bajo
12028,69.69,1.791,Muy alto
12038,41.21,-0.637,Bajo
12055,62.51,-0.285,Medio
12066,58.45,0.619,Alto
12021,59.07,0.56,Alto
12012,69.9,2.075,Muy alto
12046,54.28,0.769,Alto
12057,44.33,0.102,Alto
12011,59.69,0.207,Alto
12058,62.46,0.604,Alto
12075,49.12,0.21,Alto
12053,62.84,0.915,Alto
12056,58.43,0.957,Alto
12048,48.23,-0.135,Medio
12052,61.63,2.066,Muy alto
12061,49.41,0.162,Alto
12022,44.78,1.324,Muy alto
12003,60.89,1.315,Muy alto
12050,46.69,-0.384,Medio
12032,59.57,1.806,Muy alto
12034,64.37,0.417,Alto
12076,70.64,2.632,Muy alto
12051,59.02,1.258,Muy alto
12059,67.13,0.582,Alto
12007,45.64,-0.14,Medio
12071,74.36,2.39,Muy alto
12054,64.92,2.583,Muy alto
12023,61.34,0.575,Alto
12010,67.22,2.295,Muy alto
12002,77.83,2.14,Muy alto
12068,41.47,0.437,Alto
12040,69.25,0.916,Alto
12041,62.61,1.665,Muy alto
12045,73.36,2.008,Muy alto
12039,59.13,0.078,Medio
12062,67.03,2.768,Muy alto
12074,82.88,1.862,Muy alto
12067,54.64,0.305,Alto
12030,55.84,0.446,Alto
12020,62.07,2.569,Muy alto
12027,58.61,1.02,Alto
12043,60.12,2.908,Muy alto
12004,76.35,2.554,Muy alto
12042,74.03,1.744,Muy alto
12078,76.86,4.744,Muy alto
12073,58.47,1.403,Muy alto
12079,75.12,3.324,Muy alto
12025,71.68,1.374,Muy alto
12014,50.46,-0.24,Medio
12033,65.73,0.129,Alto
12019,73.67,2.696,Muy alto
12013,61.16,1.066,Alto
12060,76.12,0.803,Alto
12018,59.45,0.351,Alto
12077,60.81,0.473,Alto
12017,50.15,0.156,Alto
12015,56.47,-0.526,Bajo
12049,68.43,-0.182,Medio
12044,55.69,0.184,Alto
12016,65.06,2.201,Muy alto
12064,57.36,0.199,Alto
12069,65.67,2.216,Muy alto
12036,67.4,1.275,Muy alto
12072,69.05,2.137,Muy alto
12006,48.78,0.154,Alto
12081,64.06,1.318,Muy alto
12063,44.54,2.196,Muy alto
12008,72.39,1.349,Muy alto
12026,64.7,1.366,Muy alto
12024,70.1,1.124,Alto
12080,54.61,0.983,Alto
12065,75.53,1.271,Muy alto
12070,71.41,0.935,Alto
12047,89.51,2.494,Muy alto
12005,75.04,0.558,Alto
12037,69.44,0.856,Alto
12031,69.41,1.197,Alto
12009,46.76,2.17,Muy alto
13048,33.38,-1.675,Muy bajo
13077,45.36,-1.117,Muy bajo
13051,28.55,-1.524,Muy bajo
13028,62.14,-0.07,Medio
13069,32.48,-1.473,Muy bajo
13076,31.53,-1.38,Muy bajo
13030,58.22,-0.699,Bajo
13063,30.79,-1.086,Muy bajo
13016,56.76,-0.299,Medio
13003,49.46,-0.994,Bajo
13061,36.57,-1.487,Muy bajo
13067,53.79,-0.595,Bajo
13041,48.32,-1.086,Muy bajo
13029,48.13,-0.66,Bajo
13083,41.19,-1.019,Bajo
13008,49.61,-1.035,Bajo
13002,68.21,0.668,Alto
13084,52.19,-0.446,Medio
13073,66.03,0.59,Alto
13046,68.22,0.162,Alto
13013,27.88,-1.251,Muy bajo
13059,66.7,-0.033,Medio
13056,41.96,-1.056,Bajo
13052,36.84,-0.86,Bajo
13023,46.57,-1.068,Bajo
13054,56.91,-0.641,Bajo
13081,57.61,-0.658,Bajo
13062,62.49,1.229,Alto
13010,25.76,-1.451,Muy bajo
13074,39.86,-1.168,Muy bajo
13012,60.65,-0.222,Medio
13027,64.2,1.486,Muy alto
13080,69.97,1.367,Muy alto
13018,63.98,0.285,Alto
13050,42.51,-1.284,Muy bajo
13025,60.88,0.389,Alto
13001,49.54,0.08,Medio
13006,70.36,0.047,Medio
13037,74.12,0.313,Alto
13011,71.15,0.482,Alto
13078,59.35,1.296,Muy alto
13070,50.25,-0.907,Bajo
13053,60.54,1.201,Alto
13009,47.59,-0.65,Bajo
13060,59.71,0.35,Alto
13082,51.68,-0.948,Bajo
13015,54.6,-0.233,Medio
13005,42.81,-0.88,Bajo
13019,58.59,-0.296,Medio
13024,52.02,-0.207,Medio
13049,66.72,0.699,Alto
13014,65.25,0.389,Alto
13055,61.56,-0.436,Medio
13044,59.57,-0.139,Medio
13075,47.55,-1.094,Muy bajo
13058,63.14,-0.215,Medio
13057,51.49,-0.111,Medio
13068,68.59,0.951,Alto
13021,38.15,-1.279,Muy bajo
13022,41.89,-0.883,Bajo
13039,43.28,-1.204,Muy bajo
13026,67.12,0.447,Alto
13017,74.72,0.272,Alto
13031,59.19,0.113,Alto
13066,41.95,-0.975,Bajo
13007,52.23,-0.325,Medio
13032,72.55,0.044,Medio
13035,57.05,-0.277,Medio
13065,40.5,-1.176,Muy bajo
13042,59.48,-0.041,Medio
13064,37.92,-0.747,Bajo
13071,51.94,0.339,Alto
13072,37.63,-1.442,Muy bajo
13040,61.13,1.035,Alto
13045,55.13,-0.147,Medio
13034,60.22,0.564,Alto
13036,73.23,-0.053,Medio
13004,57.12,0.144,Alto
13038,53.86,0.087,Alto
13079,69.2,0.08,Medio
13043,69.57,0.321,Alto
13047,54.66,0.381,Alto
13033,59.17,-0.025,Medio
13020,70.5,0.062,Medio
14039,26.12,-1.862,Muy bajo
14120,21.95,-1.795,Muy bajo
14098,30.64,-1.495,Muy bajo
14097,25.6,-1.554,Muy bajo
14101,31.44,-1.459,Muy bajo
14067,24.61,-1.639,Muy bajo
14070,30.98,-1.24,Muy bajo
14053,44.13,-0.939,Bajo
14093,28.84,-1.371,Muy bajo
14023,31.35,-1.604,Muy bajo
14063,34.68,-1.355,Muy bajo
14083,31.65,-1.241,Muy bajo
14008,34.01,-1.096,Muy bajo
14073,35.32,-1.121,Muy bajo
14124,29.19,-0.969,Bajo
14018,37.23,-1.071,Bajo
14006,34,-1.176,Muy bajo
14015,30.77,-1.288,Muy bajo
14013,25.61,-1.17,Muy bajo
14035,41.88,-0.815,Bajo
14044,26.12,-1.202,Muy bajo
14066,44.12,-0.659,Bajo
14030,33.78,-1.341,Muy bajo
14050,25.74,-1.023,Bajo
14094,39.27,-1.086,Muy bajo
14022,34.25,-0.84,Bajo
14091,45.71,-0.788,Bajo
14085,31.32,-1.04,Bajo
14016,43.9,-0.688,Bajo
14082,39.61,-1.257,Muy bajo
14100,25.6,-0.546,Bajo
14108,42.38,-1.06,Bajo
14046,40.03,-1.061,Bajo
14078,40.29,-1.059,Bajo
14064,45.76,-0.543,Bajo
14121,38.14,-1.176,Muy bajo
14119,44.27,-0.898,Bajo
14077,35.36,-0.982,Bajo
14024,38.44,-1.025,Bajo
14047,42,-0.992,Bajo
14043,35.76,-0.71,Bajo
14037,31.74,-1.355,Muy bajo
14003,33.41,-1.325,Muy bajo
14105,31.35,-0.926,Bajo
14055,38.96,-1.038,Bajo
14118,41.7,-0.879,Bajo
14002,26.34,-1.392,Muy bajo
14021,36.12,-0.841,Bajo
14001,31.61,-0.824,Bajo
14033,36.27,-0.81,Bajo
14096,56.18,-0.71,Bajo
14116,38.02,-1.127,Muy bajo
14009,29.31,-1.265,Muy bajo
14036,35.55,-1.255,Muy bajo
14086,29.04,-0.577,Bajo
14048,43.49,-0.677,Bajo
14061,51.26,3.03,Muy alto
14045,37.83,-0.616,Bajo
14125,31.93,-0.812,Bajo
14027,44.53,0.815,Alto
14029,46.19,-0.333,Medio
14051,30.33,-1.363,Muy bajo
14109,41.09,-0.606,Bajo
14123,43.32,-0.484,Medio
14025,42.45,-1.181,Muy bajo
14114,38.8,-0.896,Bajo
14088,41.17,-1.011,Bajo
14087,38.58,-0.865,Bajo
14113,41.56,-0.493,Medio
14074,36.57,-1.196,Muy bajo
14005,39.28,-1.12,Muy bajo
14084,40.48,-0.857,Bajo
14058,30.68,-1.144,Muy bajo
14079,37.61,-0.936,Bajo
14059,33.68,-0.951,Bajo
14110,37.62,-1.156,Muy bajo
14017,46.01,-0.838,Bajo
14065,34.88,-0.571,Bajo
14068,36.68,-0.441,Medio
14092,49.24,-0.434,Medio
14099,51.5,-0.048,Medio
14020,35.73,-0.378,Medio
14049,27.63,-0.09,Medio
14040,49.41,-0.272,Medio
14095,40.3,-0.836,Bajo
14007,38.91,-1.017,Bajo
14042,45.95,0.077,Medio
14069,42.99,-0.107,Medio
14014,47.96,-0.542,Bajo
14103,33.3,-0.793,Bajo
14072,38.66,-0.804,Bajo
14019,26.21,2.702,Muy alto
14122,58.89,0.129,Alto
14090,39.56,-0.825,Bajo
14111,23.84,-1.02,Bajo
14010,38.08,-0.615,Bajo
14107,34.14,-0.808,Bajo
14032,54.62,-0.29,Medio
14026,31.26,-0.666,Bajo
14102,43.17,-0.77,Bajo
14080,42.82,-0.47,Medio
14052,45.29,-0.546,Bajo
14041,55.73,-0.5,Bajo
14011,49.56,-0.22,Medio
14115,43.48,0.214,Alto
14112,36.13,-0.751,Bajo
14004,40.39,-0.769,Bajo
14054,43.21,-0.823,Bajo
14060,44.44,-0.588,Bajo
14104,52.76,-0.479,Medio
14106,49.74,-0.036,Medio
14038,41.62,-0.558,Bajo
14117,34.42,-0.594,Bajo
14012,30.78,-0.88,Bajo
14075,33.01,-0.853,Bajo
14089,51.23,-0.621,Bajo
14057,38.62,-0.908,Bajo
14062,45.42,-0.522,Bajo
14031,50.15,0.968,Alto
14076,24.64,-0.501,Bajo
14071,40.75,-0.334,Medio
14081,58.6,-0.221,Medio
14028,33.24,-0.627,Bajo
14056,41.26,0.579,Alto
14034,40,-0.759,Bajo
15033,36.55,-1.588,Muy bajo
15058,32.14,-1.579,Muy bajo
15106,30.68,-1.484,Muy bajo
15057,29.26,-1.576,Muy bajo
15104,28.8,-1.711,Muy bajo
15031,42.3,-1.073,Bajo
15121,27.38,-1.891,Muy bajo
15013,27.71,-1.73,Muy bajo
15109,35.45,-1.668,Muy bajo
15039,33.95,-1.385,Muy bajo
15081,26.71,-1.661,Muy bajo
15060,34.93,-1.315,Muy bajo
15122,43.99,-1.049,Bajo
15025,41.98,-1.114,Muy bajo
15070,37.93,-1.028,Bajo
15020,22.9,-2.013,Muy bajo
15037,16.5,-1.752,Muy bajo
15099,32.72,-1.49,Muy bajo
15054,21.94,-1.839,Muy bajo
15029,34.43,-1.463,Muy bajo
15120,34.9,-1.248,Muy bajo
15118,33.07,-1.188,Muy bajo
15005,37.8,-0.402,Medio
15042,56.55,-0.253,Medio
15002,35.85,-1.15,Muy bajo
15108,28.72,-1.636,Muy bajo
15024,25.97,-1.854,Muy bajo
15051,29.95,-1.175,Muy bajo
15074,40.49,0.276,Alto
15035,29.21,-1.403,Muy bajo
15114,33.85,0.679,Alto
15087,52.88,-0.166,Medio
15014,42.45,-0.733,Bajo
15088,49.55,-0.411,Medio
15095,27.7,-1.431,Muy bajo
15124,48.85,0.538,Alto
15045,51.59,-0.269,Medio
15090,53.2,-0.714,Bajo
15067,46.51,-0.599,Bajo
15082,44.52,-0.1,Medio
15101,48.46,-0.879,Bajo
15076,38.95,-1.43,Muy bajo
15047,48.55,-0.305,Medio
15113,59.11,-0.073,Medio
15091,40.86,-1.388,Muy bajo
15062,37.85,-1.23,Muy bajo
15001,60.97,0.38,Alto
15110,34.61,-0.789,Bajo
15048,53.66,-0.615,Bajo
15085,59.02,-0.093,Medio
15011,44.4,-1.009,Bajo
15053,31.02,-1.35,Muy bajo
15092,37.54,-1.29,Muy bajo
15018,34.22,-1.319,Muy bajo
15111,46.43,0.308,Alto
15115,35.58,-1.168,Muy bajo
15009,46.94,-1.08,Muy bajo
15003,55.54,0.197,Alto
15103,37.86,-1.334,Muy bajo
15112,46.99,-0.067,Medio
15036,41.53,-0.818,Bajo
15023,38.44,-1.215,Muy bajo
15100,38.54,-0.843,Bajo
15021,60.83,0.018,Medio
15059,39.31,-0.979,Bajo
15084,45.52,-0.88,Bajo
15064,49.78,-0.366,Medio
15096,33.85,-1.247,Muy bajo
15040,48.69,-0.524,Bajo
15019,40.82,-1.259,Muy bajo
15065,38.65,-1.009,Bajo
15105,52.7,0.315,Alto
15063,61.17,-0.049,Medio
15032,49.46,0.789,Alto
15086,59.49,0.293,Alto
15015,61.38,-0.483,Medio
15093,35.72,-1.017,Bajo
15056,63.33,0.424,Alto
15043,48.27,-0.694,Bajo
15010,33.96,-1.208,Muy bajo
15028,43.38,-1.04,Bajo
15068,55.39,-0.811,Bajo
15026,57.61,0.013,Medio
15123,48.54,0.379,Alto
15044,35.45,-1.634,Muy bajo
15016,44.35,-0.668,Bajo
15052,51.77,-0.38,Medio
15073,29.34,-1.673,Muy bajo
15075,33.51,-1.221,Muy bajo
15080,47.34,0.509,Alto
15008,55.24,0.332,Alto
15030,49.47,-1.247,Muy bajo
15050,52.87,-0.785,Bajo
15007,49.27,-0.067,Medio
15094,58.34,-0.706,Bajo
15097,63.91,0.136,Alto
15046,32.46,-0.826,Bajo
15119,72.61,0.543,Alto
15102,47.07,-0.56,Bajo
15117,52.98,0.749,Alto
15004,62.81,0.16,Alto
15022,42.93,-1.064,Bajo
15049,64.1,-0.245,Medio
15071,51.84,-0.491,Medio
15079,54.63,-0.372,Medio
15072,34.13,-1.298,Muy bajo
15083,32.7,-1.183,Muy bajo
15055,35.41,-1.371,Muy bajo
15089,42.13,-1.032,Bajo
15107,47.48,-0.933,Bajo
15012,46.31,-1.091,Muy bajo
15027,23.77,-1.491,Muy bajo
15038,41.79,-0.637,Bajo
15006,44.97,-1.05,Bajo
15017,47.12,-0.792,Bajo
15125,41.71,-1.072,Bajo
15078,47.19,-0.297,Medio
15034,54.76,-0.506,Bajo
15061,43.62,-0.807,Bajo
15041,63.7,0.758,Alto
15077,49.37,-0.091,Medio
15098,51.89,-0.782,Bajo
15116,45.45,-0.428,Medio
15069,31.62,-1.213,Muy bajo
15066,58.04,0.249,Alto
16053,33.74,-1.466,Muy bajo
16102,39.35,-1.107,Muy bajo
16108,43.63,-0.969,Bajo
16052,23.4,-1.261,Muy bajo
16112,46.89,-0.626,Bajo
16006,47.5,-0.578,Bajo
16034,59,-0.257,Medio
16088,39.17,-0.915,Bajo
16069,41.09,-1.22,Muy bajo
16066,53.76,-0.638,Bajo
16050,63.17,-0.182,Medio
16082,41.21,-0.572,Bajo
16076,43.11,-1.1,Muy bajo
16107,52.45,-0.999,Bajo
16043,41.53,-0.934,Bajo
16075,36.96,-0.571,Bajo
16071,59.02,-0.387,Medio
16079,59.65,-0.012,Medio
16012,42.62,-0.125,Medio
16110,63.46,-0.337,Medio
16055,50.71,-0.303,Medio
16038,46.39,0.367,Alto
16025,68.91,0.186,Alto
16065,56.65,-0.05,Medio
16009,36.5,-0.418,Medio
16035,55.56,0.259,Alto
16017,65.39,0.096,Alto
16085,52.82,-0.303,Medio
16045,46.95,-0.914,Bajo
16097,54.96,0.679,Alto
16106,54.18,-0.8,Bajo
16083,22.69,-0.317,Medio
16020,57.47,-0.288,Medio
16084,57.73,0.172,Alto
16056,65.8,0.784,Alto
16073,67,-0.266,Medio
16068,21.86,-0.868,Bajo
16093,66.73,0.278,Alto
16098,60.34,-0.241,Medio
16064,56.93,0.276,Alto
16113,66.93,-0.407,Medio
16008,31.94,1.551,Muy alto
16103,52.36,-0.582,Bajo
16061,51.62,0.211,Alto
16089,42.06,-0.439,Medio
16033,51.07,-0.229,Medio
16010,42.55,-0.049,Medio
16022,43.59,-0.553,Bajo
16003,59.37,-0.486,Medio
16047,64.99,-0.076,Medio
16016,69.83,0.047,Medio
16105,37.11,-0.724,Bajo
16058,41.48,-0.835,Bajo
16062,60,-0.292,Medio
16080,50.86,-0.028,Medio
16024,66.46,0.134,Alto
16019,40.63,-0.665,Bajo
16015,39.54,-0.063,Medio
16049,59.62,0.724,Alto
16077,58.28,0.614,Alto
16111,44.16,-0.108,Medio
16104,58.3,-0.173,Medio
16040,63.54,-0.167,Medio
16067,69.09,-0.083,Medio
16031,64.89,0.092,Alto
16063,62.32,-0.192,Medio
16029,58.16,1.094,Alto
16099,64.56,0.689,Alto
16086,52.24,-0.724,Bajo
16032,64.01,-0.049,Medio
16070,50.02,-1.005,Bajo
16002,47.52,0.036,Medio
16041,66.23,0.09,Alto
16004,65.11,-0.313,Medio
16090,42.87,-0.341,Medio
16087,39.41,-0.632,Bajo
16091,41.06,-0.606,Bajo
16100,61.67,-0.115,Medio
16014,32.95,-0.466,Medio
16046,61.5,-0.101,Medio
16072,63.82,-0.469,Medio
16051,35.34,-1.191,Muy bajo
16092,54.86,1.237,Muy alto
16030,47.46,-0.358,Medio
16042,59.63,-0.102,Medio
16078,60.44,-0.359,Medio
16044,63.16,-0.219,Medio
16021,71.94,0.844,Alto
16095,34.9,-0.814,Bajo
16036,59.4,-0.467,Medio
16001,58.63,-0.219,Medio
16011,44.36,-0.589,Bajo
16005,48.07,-0.209,Medio
16074,53.45,-0.45,Medio
16023,51.57,-0.495,Medio
16060,51.31,-0.474,Medio
16013,53.66,0.658,Alto
16018,56.39,-0.368,Medio
16101,66.31,1.338,Muy alto
16039,44.47,-0.404,Medio
16081,65.59,0.975,Alto
16057,44.8,0.855,Alto
16037,67.13,0.011,Medio
16059,54.02,-0.106,Medio
16054,65.13,-0.143,Medio
16096,41.64,0.786,Alto
16094,58.78,-0.101,Medio
16048,49.46,-0.438,Medio
16026,52.55,0.458,Alto
16028,58.88,-0.454,Medio
16027,58.58,0.191,Alto
16007,66.59,0.209,Alto
16109,48.5,-0.431,Medio
17007,28.34,-1.674,Muy bajo
17011,37.41,-1.461,Muy bajo
17006,44.93,-1.146,Muy bajo
17018,42.69,-1.044,Bajo
17029,42.16,-1.017,Bajo
17008,40.43,-1.144,Muy bajo
17004,51.12,-0.636,Bajo
17028,44.04,-0.865,Bajo
17017,43.81,-0.688,Bajo
17012,44.12,-1.078,Muy bajo
17030,50.89,-0.668,Bajo
17024,49.84,-0.729,Bajo
17020,41.23,-0.601,Bajo
17031,38.66,-1.423,Muy bajo
17003,69.64,-0.062,Medio
17025,49.99,-0.747,Bajo
17019,60.59,-0.335,Medio
17015,56.33,-0.396,Medio
17002,46.38,-0.422,Medio
17022,67.32,-0.614,Bajo
17009,42.52,-0.748,Bajo
17016,70.77,-0.138,Medio
17001,48.64,-0.534,Bajo
17026,51.26,-0.562,Bajo
17010,54.05,-0.543,Bajo
17033,63.06,-0.442,Medio
17013,50.26,-0.759,Bajo
17027,58.25,-0.2,Medio
17014,54.66,-0.527,Bajo
17005,59.54,-0.209,Medio
17032,60.4,-0.759,Bajo
17021,48.78,-0.461,Medio
17023,58.79,0.184,Alto
18017,32.09,-1.596,Muy bajo
18020,25.76,-1.311,Muy bajo
18015,52.98,-0.536,Bajo
18004,34.82,-0.954,Bajo
18008,33.12,-1.457,Muy bajo
18012,49.8,-0.574,Bajo
18009,57.35,4.411,Muy alto
18016,49.8,-0.705,Bajo
18001,51.44,-0.601,Bajo
18010,57.87,-0.199,Medio
18018,50.58,-0.912,Bajo
18006,39.69,-1.222,Muy bajo
18011,59.45,-0.126,Medio
18014,45.74,-0.323,Medio
18007,57.93,-0.306,Medio
18002,48.65,-0.937,Bajo
18019,46.43,1.908,Muy alto
18005,63.89,2.048,Muy alto
18003,42.05,-0.646,Bajo
18013,45.07,-0.66,Bajo
19039,15.5,-1.901,Muy bajo
19026,16.25,-1.918,Muy bajo
19006,14.52,-1.89,Muy bajo
19046,13.14,-2.095,Muy bajo
19021,15.9,-1.749,Muy bajo
19031,17.29,-1.621,Muy bajo
19048,13.92,-1.849,Muy bajo
19018,13.5,-1.622,Muy bajo
19019,8.25,-2.219,Muy bajo
19009,14.43,-1.563,Muy bajo
19041,13.11,-1.426,Muy bajo
19033,37.64,-1.169,Muy bajo
19025,15.69,-1.606,Muy bajo
19038,21.71,-1.431,Muy bajo
19045,13.28,-1.328,Muy bajo
19012,16.24,-1.552,Muy bajo
19049,18.65,-1.627,Muy bajo
19017,49.75,-0.189,Medio
19010,13.61,-1.435,Muy bajo
19044,32.64,-1.559,Muy bajo
19004,11.36,-1.616,Muy bajo
19014,55.65,0.036,Medio
19005,43.76,-1.095,Muy bajo
19007,52.13,0.169,Alto
19022,29.91,-0.93,Bajo
19047,13.28,-1.68,Muy bajo
19013,17.47,-1.261,Muy bajo
19011,28.36,-1.306,Muy bajo
19036,55.25,0.422,Alto
19029,31.04,-1.259,Muy bajo
19024,55.19,0.595,Alto
19034,15.96,-1.127,Muy bajo
19020,16.34,-1.027,Bajo
19037,16.08,-0.848,Bajo
19032,31.95,-1.261,Muy bajo
19042,25.45,-0.878,Bajo
19051,43.32,-0.834,Bajo
19008,43.03,-0.876,Bajo
19030,44.43,-0.027,Medio
19016,19.05,-0.845,Bajo
19043,49.38,0.1,Alto
19001,17.75,-1.125,Muy bajo
19002,29.45,-0.988,Bajo
19027,38.33,-0.76,Bajo
19015,38.49,-0.606,Bajo
19050,37.97,-0.665,Bajo
19028,28.64,-0.822,Bajo
19003,42.42,-0.776,Bajo
19023,37.77,-0.677,Bajo
19040,25.41,-0.945,Bajo
19035,31.46,-1.144,Muy bajo
20067,26.68,-1.52,Muy bajo
20184,47.55,-0.607,Bajo
20043,39.87,-0.646,Bajo
20385,33.98,-0.979,Bajo
20079,32.36,-1.134,Muy bajo
20039,44.88,-0.698,Bajo
20515,44.76,-0.339,Medio
20482,51.43,0.227,Alto
20390,28.33,-1.558,Muy bajo
20318,36.85,-0.557,Bajo
20324,47.75,0.45,Alto
20334,54.42,0.333,Alto
20002,65.34,0.339,Alto
20413,35.95,-0.686,Bajo
20565,37.41,-0.137,Medio
20044,61.5,-0.276,Medio
20059,47.75,0.057,Medio
20397,47.09,-0.184,Medio
20057,55.84,0.285,Alto
20278,69.4,1.179,Alto
20469,63.33,0.975,Alto
20399,33.91,-0.904,Bajo
20073,56.76,0.107,Alto
20041,71.13,1.705,Muy alto
20198,65.49,1.216,Alto
20014,38.87,-1.072,Bajo
20134,66.37,1.62,Muy alto
20439,50.24,1.174,Alto
20085,71.32,2.414,Muy alto
20401,45.34,-0.171,Medio
20190,63.55,0.776,Alto
20107,38.59,-0.928,Bajo
20559,55.56,0.145,Alto
20551,41.44,-0.573,Bajo
20068,48.14,0.05,Medio
20023,38.33,-0.544,Bajo
20028,60.06,0.436,Alto
20406,82.74,3.13,Muy alto
20232,72.74,1.249,Muy alto
20570,52.61,0.014,Medio
20467,54.66,0.16,Alto
20207,69.03,1.136,Alto
20006,53.28,-0.213,Medio
20386,64.18,2.059,Muy alto
20124,60.38,1.353,Muy alto
20171,74.75,3.808,Muy alto
20350,22.4,-1.788,Muy bajo
20526,69.27,0.76,Alto
20205,68.75,1.18,Alto
20427,65.56,0.728,Alto
20447,65,0.721,Alto
20293,27.29,-1.455,Muy bajo
20364,54.89,0.431,Alto
20021,65.32,0.035,Medio
20227,36.44,-1.151,Muy bajo
20157,29.72,-1.589,Muy bajo
20557,43.52,-0.817,Bajo
20327,63.2,0.208,Alto
20005,44.41,-0.516,Bajo
20248,68.71,3.174,Muy alto
20010,36.04,-0.805,Bajo
20468,70.85,1.034,Alto
20418,51.42,-0.292,Medio
20058,67.95,1.865,Muy alto
20466,73.81,2.805,Muy alto
20150,37.09,-0.807,Bajo
20375,36.43,-1.218,Muy bajo
20450,36.15,2.154,Muy alto
20298,66.27,0.076,Medio
20277,73.3,1.479,Muy alto
20312,53.59,1.454,Muy alto
20242,77.78,2.711,Muy alto
20525,65.31,0.054,Medio
20125,77.75,0.702,Alto
20166,67.58,0.008,Medio
20309,80.48,1.996,Muy alto
20377,64.09,1.144,Alto
20136,33.88,0.307,Alto
20025,49.35,-0.236,Medio
20414,61.1,0.618,Alto
20549,62.43,0.498,Alto
20325,78.12,1.144,Alto
20509,67.52,1.694,Muy alto
20338,41.47,-0.935,Bajo
20131,65.35,0.533,Alto
20012,67.61,1.86,Muy alto
20483,46.1,-0.404,Medio
20553,37.1,-0.717,Bajo
20188,61.57,1.103,Alto
20307,57.11,0.321,Alto
20177,62.92,0.25,Alto
20016,85.42,3.052,Muy alto
20545,51.32,-0.684,Bajo
20475,67.81,0.825,Alto
20417,72.46,0.383,Alto
20083,39.8,-0.903,Bajo
20295,46.56,-0.624,Bajo
20513,68.28,0.294,Alto
20115,31.74,-0.896,Bajo
20407,84.5,2.211,Muy alto
20026,67.12,0.433,Alto
20143,70.79,0.096,Alto
20437,48.77,0.855,Alto
20409,24.15,-1.614,Muy bajo
20185,54.78,0.166,Alto
20441,50.88,0.368,Alto
20426,58,1.525,Muy alto
20030,25.59,-1.325,Muy bajo
20310,42.75,0.7,Alto
20266,47.21,0.757,Alto
20348,57.83,0.832,Alto
20500,63.58,0.507,Alto
20229,82.42,1.988,Muy alto
20045,35.63,-1.005,Bajo
20042,44.26,-0.165,Medio
20275,49.62,1.102,Alto
20505,39.81,-0.618,Bajo
20135,53.72,-0.084,Medio
20540,52.88,-0.688,Bajo
20141,72.83,0.651,Alto
20261,82.09,1.176,Alto
20064,72.84,0.482,Alto
20105,66.29,0.41,Alto
20234,79.26,1.999,Muy alto
20009,70.24,0.377,Alto
20031,54.12,0.863,Alto
20294,42.77,-0.98,Bajo
20520,64.88,0.254,Alto
20070,57.85,0.667,Alto
20498,72.98,1.452,Muy alto
20178,36.9,-0.647,Bajo
20072,40.69,1.068,Alto
20265,57.32,1.121,Alto
20208,40,1.094,Alto
20300,72.71,0.715,Alto
20560,72.13,0.679,Alto
20537,62.55,0.386,Alto
20272,61.95,0.577,Alto
20392,74.38,2.02,Muy alto
20040,86.47,2.947,Muy alto
20090,51.86,0.192,Alto
20225,60.5,1.453,Muy alto
20446,83.51,1.392,Muy alto
20052,51.02,0.008,Medio
20103,49.43,0.759,Alto
20543,66.64,1.255,Muy alto
20546,62.53,0.548,Alto
20210,64.85,0.67,Alto
20539,41.99,-0.695,Bajo
20550,53.75,0.219,Alto
20036,67.45,0.768,Alto
20554,72.93,0.982,Alto
20091,24.37,-1.139,Muy bajo
20066,58.87,0.073,Medio
20502,67.93,2.081,Muy alto
20126,73.98,1.506,Muy alto
20326,82.23,1.484,Muy alto
20130,67.99,0.926,Alto
20516,69.8,0.905,Alto
20159,79.51,1.266,Muy alto
20489,43.3,0.683,Alto
20415,79.76,0.509,Alto
20460,71.82,1.12,Alto
20470,50.8,0.585,Alto
20153,63.61,0.485,Alto
20015,55.68,1.719,Muy alto
20517,59.5,1.974,Muy alto
20337,65.22,1.703,Muy alto
20384,78.84,1.455,Muy alto
20202,76.7,0.96,Alto
20494,71.5,1.646,Muy alto
20051,88.63,2.39,Muy alto
20421,42.32,-0.283,Medio
20302,75.46,1.314,Muy alto
20367,58.78,1.253,Muy alto
20098,72.25,1.15,Alto
20108,76.27,1.154,Alto
20398,61.34,0.665,Alto
20116,63.78,1.73,Muy alto
20102,46.15,-0.017,Medio
20491,51.1,0.498,Alto
20037,80.77,1.376,Muy alto
20459,69.9,-0.097,Medio
20497,67.05,1.758,Muy alto
20087,49.35,0.07,Medio
20095,74.4,1.651,Muy alto
20213,72.8,0.957,Alto
20484,69.66,0.595,Alto
20111,51.05,1.062,Alto
20291,67.18,0.515,Alto
20305,37.65,-0.85,Bajo
20330,74.52,0.764,Alto
20434,81.13,1.172,Alto
20029,71.13,1.906,Muy alto
20269,57.38,0.15,Alto
20082,49.96,0.464,Alto
20462,57.63,-0.13,Medio
20345,56.25,0.445,Alto
20339,54.48,-0.25,Medio
20452,59.52,1.55,Muy alto
20084,28,-1.099,Muy bajo
20020,59.83,1.447,Muy alto
20534,75.6,1.52,Muy alto
20174,34,-0.946,Bajo
20063,40.98,-1.021,Bajo
20366,69.6,1.146,Alto
20424,64.36,1.106,Alto
20169,60.39,2.748,Muy alto
20393,44.61,0.808,Alto
20145,31.11,-0.548,Bajo
20244,80.31,0.527,Alto
20360,55.51,0.61,Alto
20077,49.09,-0.235,Medio
20200,64.3,0.973,Alto
20453,52.29,0.037,Medio
20532,83.01,1.172,Alto
20285,56.46,0.712,Alto
20024,58.82,1.435,Muy alto
20235,57.9,1.074,Alto
20530,76.99,0.636,Alto
20249,73.21,0.965,Alto
20133,79.19,1.187,Alto
20347,51.13,0.407,Alto
20306,48.63,1.516,Muy alto
20352,78.05,2.155,Muy alto
20055,66.82,0.146,Alto
20507,60.22,0.891,Alto
20435,71.96,1.87,Muy alto
20378,71.42,0.477,Alto
20050,76.52,1.806,Muy alto
20137,34.07,0.66,Alto
20017,72.1,1.025,Alto
20391,67.52,2.334,Muy alto
20410,62.34,0.142,Alto
20342,28.4,-0.972,Bajo
20472,53.39,-0.143,Medio
20156,55.14,-0.094,Medio
20273,63.08,1.606,Muy alto
20474,52.03,0.248,Alto
20203,65.99,1.178,Alto
20076,73.6,0.268,Alto
20170,57.14,2.216,Muy alto
20396,91.51,2.367,Muy alto
20197,51.59,0.439,Alto
20485,67.45,1.468,Muy alto
20263,51.99,1.519,Muy alto
20412,70.84,1.736,Muy alto
20286,58.54,0.789,Alto
20046,62.54,0.799,Alto
20284,85.15,2.189,Muy alto
20308,44.8,0.586,Alto
20567,80.23,1.707,Muy alto
20254,61.35,0.846,Alto
20511,71.49,1.125,Alto
20495,62.08,1.657,Muy alto
20490,50.23,1.027,Alto
20457,76.04,0.963,Alto
20555,41.59,0.21,Alto
20566,54.41,1.194,Alto
20113,45.2,0.259,Alto
20519,55.05,-0.065,Medio
20403,37.45,-0.531,Bajo
20231,35.46,1.529,Muy alto
20535,70.79,1.254,Muy alto
20492,63.28,1.188,Alto
20013,57.27,-0.24,Medio
20449,58.1,0.396,Alto
20019,71.35,0.867,Alto
20379,82.96,1.321,Muy alto
20454,68.17,1.141,Alto
20212,51.01,1.564,Muy alto
20387,55.37,0.201,Alto
20217,65.34,1.949,Muy alto
20071,68.82,1.47,Muy alto
20189,60.11,1.553,Muy alto
20351,72.77,0.743,Alto
20088,76.83,1.544,Muy alto
20561,79.55,1.169,Alto
20146,62.56,1.085,Alto
20164,81.1,0.872,Alto
20394,50.22,0.37,Alto
20123,63.27,0.742,Alto
20075,59.04,-0.098,Medio
20226,73.04,0.401,Alto
20061,69.27,1.066,Alto
20176,67.08,0.811,Alto
20344,46.07,0.219,Alto
20381,62,-0.176,Medio
20279,52.05,0.675,Alto
20211,50.63,1.624,Muy alto
20271,71.18,1.606,Muy alto
20220,82.33,0.466,Alto
20033,33.2,-0.846,Bajo
20069,77.78,1.382,Muy alto
20531,64.09,-0.261,Medio
20333,35.32,-0.271,Medio
20219,58,0.875,Alto
20104,54.8,0.764,Alto
20527,68.24,0.985,Alto
20180,55.38,0.241,Alto
20193,38.05,-0.176,Medio
20060,89.16,1.194,Alto
20455,71.2,1.149,Alto
20363,63.4,-0.001,Medio
20433,81.99,2.062,Muy alto
20007,55.31,1.535,Muy alto
20161,73.55,0.759,Alto
20297,84.39,1.333,Muy alto
20112,62.38,0.663,Alto
20118,73.34,1.181,Alto
20206,61.47,0.386,Alto
20154,50.49,0.543,Alto
20486,71.81,0.384,Alto
20388,63.82,1.205,Alto
20259,72.69,1.759,Muy alto
20117,52.99,1.36,Muy alto
20240,70.45,2.348,Muy alto
20280,72.41,0.036,Medio
20158,75.53,1.025,Alto
20027,84.78,1.592,Muy alto
20448,89.02,1.72,Muy alto
20182,56,0.934,Alto
20260,52.77,0.664,Alto
20353,36.55,0.096,Alto
20533,52.14,0.366,Alto
20380,66.39,0.511,Alto
20089,58.17,0.206,Alto
20405,66.38,0.232,Alto
20152,56.11,1.723,Muy alto
20323,46.51,0.651,Alto
20264,51.13,1.215,Alto
20499,47.87,-0.616,Bajo
20425,47.64,0.595,Alto
20253,42.93,1.429,Muy alto
20356,71.9,0.068,Medio
20252,84.03,1.415,Muy alto
20139,31.18,1.37,Muy alto
20167,53.52,1.277,Muy alto
20003,65.53,0.906,Alto
20255,77.25,1.259,Muy alto
20487,54.39,0.117,Alto
20214,89.17,1.27,Muy alto
20349,55.66,0.618,Alto
20201,69.38,0.846,Alto
20358,40.07,0.196,Alto
20148,76.22,1.247,Muy alto
20162,57.61,1.429,Muy alto
20343,72.21,0.141,Alto
20369,49.21,-0.118,Medio
20368,63.16,0.244,Alto
20428,85.45,1.275,Muy alto
20038,80.71,1.001,Alto
20420,70.93,1.183,Alto
20243,48.17,-0.203,Medio
20481,87.57,1.743,Muy alto
20187,90.33,1.516,Muy alto
20478,82.97,0.42,Alto
20081,52.17,0.774,Alto
20094,67.34,-0.001,Medio
20233,77.84,1.356,Muy alto
20496,51.87,-0.657,Bajo
20149,54.29,1.271,Muy alto
20395,23.02,1.654,Muy alto
20336,80.1,1.03,Alto
20315,54.24,2.067,Muy alto
20431,78.04,0.405,Alto
20340,83.15,0.386,Alto
20097,83.15,0.609,Alto
20504,77.22,0.427,Alto
20438,67.36,1.344,Muy alto
20541,79.17,0.291,Alto
20569,70.59,0.517,Alto
20548,59.95,0.741,Alto
20092,41.5,-0.275,Medio
20465,29.59,0.688,Alto
20163,77.22,1.304,Muy alto
20175,74.62,0.654,Alto
20400,73.76,0.327,Alto
20314,63.12,0.009,Medio
20236,60.13,2.009,Muy alto
20372,59.5,1.521,Muy alto
20562,56.11,-0.098,Medio
20247,40.77,-0.986,Bajo
20374,74.76,2.174,Muy alto
20445,52.41,0.838,Alto
20165,77.93,0.736,Alto
20301,48.63,0.339,Alto
20523,60.74,-0.121,Medio
20192,46.95,-0.826,Bajo
20508,50.5,-0.466,Medio
20110,65.52,1.391,Muy alto
20222,41.25,0.046,Medio
20429,90.4,1.282,Muy alto
20173,79.69,0.537,Alto
20080,67.24,0.565,Alto
20179,76.66,0.553,Alto
20477,52.37,0.812,Alto
20346,87.5,0.82,Alto
20456,68.72,0.608,Alto
20568,66.86,0.316,Alto
20362,54.83,0.429,Alto
20056,62.12,0.681,Alto
20237,58.45,-0.061,Medio
20292,66.23,1.097,Alto
20160,66.24,0.183,Alto
20183,86.41,1.272,Muy alto
20529,76.79,2.359,Muy alto
20048,71.31,1.596,Muy alto
20558,80.87,0.487,Alto
20473,23.16,-0.323,Medio
20216,46.06,0.271,Alto
20274,83.78,1.285,Muy alto
20245,73.72,1.047,Alto
20563,59.33,1.546,Muy alto
20317,75,0.405,Alto
20194,88.48,0.26,Alto
20221,72.4,0.204,Alto
20109,62.7,-0.262,Medio
20329,91.35,1.096,Alto
20053,49.17,-0.154,Medio
20065,69.4,1.254,Muy alto
20328,91.54,1.639,Muy alto
20128,49.77,0.065,Medio
20011,71.63,1.061,Alto
20034,69.83,0.364,Alto
20049,58.36,0.287,Alto
20251,90,1.326,Muy alto
20289,48.54,0.464,Alto
20564,92.63,0.929,Alto
20382,70.53,1.45,Muy alto
20250,78.38,0.162,Alto
20078,41.92,-0.844,Bajo
20270,62.07,1.604,Muy alto
20303,80.11,0.366,Alto
20241,67.27,0.531,Alto
20132,42.09,-0.207,Medio
20402,62.78,0.428,Alto
20319,60.5,0.811,Alto
20195,43.21,1.344,Muy alto
20365,66.94,0.095,Alto
20299,86.94,0.339,Alto
20168,61.99,0.635,Alto
20371,79.23,0.728,Alto
20522,68.97,0.907,Alto
20514,79.67,1.698,Muy alto
20544,72.73,0.319,Alto
20268,58.15,0.403,Alto
20239,69.91,0.304,Alto
20127,87.06,1.558,Muy alto
20283,74.42,0.134,Alto
20032,71.79,1.103,Alto
20262,66.06,-0.224,Medio
20142,73.82,1.222,Alto
20257,69.44,0.943,Alto
20155,67.92,1.547,Muy alto
20436,46.38,1.678,Muy alto
20528,81.97,1.197,Alto
20290,75.16,0.235,Alto
20458,71.11,0.114,Alto
20389,73.93,1.428,Muy alto
20144,84.08,0.554,Alto
20230,73.45,0.226,Alto
20501,70.95,0.273,Alto
20547,68.16,-0.05,Medio
20004,56.33,-0.165,Medio
20086,59.66,0.349,Alto
20359,74.33,0.729,Alto
20335,45.51,0.497,Alto
20432,28.13,-0.533,Bajo
20296,80,0.487,Alto
20001,86.79,1.077,Alto
20480,88.89,0.97,Alto
20451,89.01,2.243,Muy alto
20331,83.01,0.8,Alto
20361,57.2,0.701,Alto
20512,68.71,0.893,Alto
20238,49.35,0.096,Alto
20440,67.61,0.506,Alto
20542,72.69,0.694,Alto
20411,53.33,-0.338,Medio
20228,79.55,1.398,Muy alto
20018,84.09,0.628,Alto
20140,79.45,0.511,Alto
20322,80.08,1.502,Muy alto
20215,52.86,-0.373,Medio
20313,75.43,0.913,Alto
20357,45.6,-0.019,Medio
20008,20.19,-0.201,Medio
20506,76.69,0.411,Alto
20101,71.85,0.941,Alto
20304,84.3,1.647,Muy alto
20404,67.73,-0.32,Medio
20282,79.02,0.746,Alto
20355,86.17,1.318,Muy alto
20321,81.45,0.708,Alto
20022,84.42,0.141,Alto
20096,47.83,-0.66,Bajo
20258,75.76,0.152,Alto
20276,9.55,1.326,Muy alto
20316,37.14,0.223,Alto
20538,50,0.517,Alto
20320,70.9,0.595,Alto
20370,75.63,-0.107,Medio
20209,70.13,1.397,Muy alto
20121,65.93,0.362,Alto
20510,77.06,0.731,Alto
20114,89.01,0.568,Alto
20122,82.59,-0.335,Medio
20246,88.98,1.157,Alto
20204,94.12,0.091,Alto
20288,84.47,0.87,Alto
20422,73.74,0.319,Alto
20383,80,0.71,Alto
20199,50,1.195,Alto
20224,55.17,-0.36,Medio
20186,55.22,0.232,Alto
20311,62.04,1.253,Muy alto
20035,37.84,-1.106,Muy bajo
20218,58.44,0.883,Alto
20463,80.8,0.63,Alto
20493,67,-0.207,Medio
20461,82.58,1.562,Muy alto
20354,81.33,1.815,Muy alto
20419,60.27,-0.365,Medio
20471,43.92,-0.015,Medio
20416,64.86,0.916,Alto
20093,80.92,-0.092,Medio
20074,74,0.321,Alto
20408,62.67,0.062,Medio
20062,50,-0.614,Bajo
20223,15.38,-0.688,Bajo
20099,92.31,1.323,Muy alto
20443,70.19,-0.297,Medio
20423,72.09,0.512,Alto
20138,81.97,0.493,Alto
20181,77.48,0.533,Alto
20552,63.33,0.129,Alto
20100,62.65,0.926,Alto
20054,51.58,-0.106,Medio
20196,64.71,-0.243,Medio
20536,55.63,0.062,Medio
20444,71.62,0.319,Alto
20503,10.26,-0.52,Bajo
20476,88.16,-0.012,Medio
20119,88.37,1.029,Alto
20172,79.61,0.104,Alto
20147,80,0.487,Alto
20373,82.5,0.694,Alto
20129,75.83,-0.314,Medio
20430,65.43,1.431,Muy alto
20376,68.97,0.761,Alto
20464,76.84,0.712,Alto
20332,86.02,0.26,Alto
20120,78.26,0.303,Alto
20191,43.43,-0.128,Medio
20151,41.77,0.409,Alto
20524,49.52,-0.164,Medio
20287,79.52,0.309,Alto
20442,22.22,-0.435,Medio
20281,84.88,-0.036,Medio
20556,65,0.048,Medio
20106,85,0.519,Alto
20267,53.06,-0.264,Medio
20341,69.49,-0.299,Medio
20521,87.04,1.07,Alto
20256,80.43,0.138,Alto
20479,90.2,0.144,Alto
20518,88.64,-0.066,Medio
20488,80.95,0.004,Medio
20047,36.36,-0.594,Bajo
21114,33.83,-1.564,Muy bajo
21156,59.26,-0.687,Bajo
21132,49.62,-1.171,Muy bajo
21119,30.92,-1.652,Muy bajo
21019,52.56,-0.705,Bajo
21140,48.38,-1.166,Muy bajo
21015,41.61,-0.861,Bajo
21041,28.28,-1.618,Muy bajo
21071,53.77,-0.318,Medio
21174,61.37,-0.756,Bajo
21208,57.02,-0.156,Medio
21197,59.2,-0.105,Medio
21164,57.28,-0.534,Bajo
21085,61.42,-0.459,Medio
21154,56.07,-0.504,Bajo
21074,49.47,-0.966,Bajo
21010,76.29,1.242,Muy alto
21001,51.65,-0.286,Medio
21053,63.25,-0.136,Medio
21004,60.97,-0.234,Medio
21207,64.87,0.115,Alto
21186,64.72,-0.084,Medio
21177,76.63,0.767,Alto
21115,63.51,0.279,Alto
21043,73.53,1.027,Alto
21045,66.13,-0.325,Medio
21110,74.48,0.436,Alto
21034,47.98,-0.736,Bajo
21180,64.73,-0.432,Medio
21199,78.47,0.381,Alto
21003,61.68,-0.229,Medio
21051,61.92,-0.266,Medio
21054,72.65,0.312,Alto
21094,65.57,-0.32,Medio
21143,59.2,-0.504,Bajo
21104,42.14,-0.437,Medio
21142,63.3,-0.258,Medio
21194,49.11,-0.137,Medio
21179,75.58,0.147,Alto
21017,71.87,0.356,Alto
21106,60.56,0.181,Alto
21172,66.77,0.541,Alto
21118,70.6,-0.27,Medio
21076,77.8,0.527,Alto
21050,61.13,1.155,Alto
21149,71.25,0.336,Alto
21205,63.25,0.017,Medio
21069,70.99,0.278,Alto
21195,77.09,1.677,Muy alto
21083,66.52,0.56,Alto
21116,79.45,1.168,Alto
21109,72.91,0.757,Alto
21153,51.23,-0.52,Bajo
21090,54.29,-0.846,Bajo
21189,59.4,-0.396,Medio
21013,71.93,0.01,Medio
21169,63.88,0.405,Alto
21161,72.37,-0.025,Medio
21065,55.61,0.067,Medio
21035,61.06,0.166,Alto
21048,69.43,-0.473,Medio
21134,66.8,-0.592,Bajo
21047,61.01,-0.157,Medio
21058,75.86,1.256,Muy alto
21183,80.08,1.4,Muy alto
21099,74.99,0.564,Alto
21212,78.6,0.873,Alto
21072,79.05,2.434,Muy alto
21217,82.98,2.065,Muy alto
21108,62.82,-0.334,Medio
21111,66.24,0.933,Alto
21188,76.91,0.431,Alto
21163,40.23,-0.649,Bajo
21067,69.4,-0.086,Medio
21170,66.53,0.138,Alto
21214,75.5,0,Medio
21064,69.43,0.671,Alto
21049,75.7,1.581,Muy alto
21178,79.1,0.908,Alto
21211,53.51,-0.866,Bajo
21124,74.38,0.248,Alto
21044,67.07,-0.092,Medio
21006,67.88,1.443,Muy alto
21078,90.55,1.415,Muy alto
21063,67.6,-0.223,Medio
21144,63.11,-0.441,Medio
21026,58.34,-0.135,Medio
21117,44.01,-0.931,Bajo
21145,81.32,1.919,Muy alto
21036,81.06,1.679,Muy alto
21213,76.42,1.097,Alto
21129,82.53,0.278,Alto
21087,81.78,0.766,Alto
21075,79.01,0.44,Alto
21089,75.17,1.159,Alto
21175,71.1,-0.201,Medio
21202,79.68,1.146,Alto
21061,71.29,2.085,Muy alto
21102,61.79,-0.537,Bajo
21136,46.28,-1.268,Muy bajo
21022,68.61,0.284,Alto
21152,68.55,-0.111,Medio
21086,77.68,1.09,Alto
21138,75.19,0.472,Alto
21167,78.45,1.695,Muy alto
21107,77.6,2.394,Muy alto
21008,57.24,-0.276,Medio
21157,61.03,0.211,Alto
21091,55.09,-0.902,Bajo
21122,66.49,-0.649,Bajo
21040,46.86,0.264,Alto
21038,59.7,-0.171,Medio
21100,79.62,0.994,Alto
21137,73.82,0.448,Alto
21112,76.67,0.664,Alto
21023,77.85,0.817,Alto
21039,72.2,0.79,Alto
21148,70.55,0.684,Alto
21191,64.43,0.325,Alto
21002,74.94,0.737,Alto
21125,42.84,-0.872,Bajo
21016,68.97,0.332,Alto
21082,58.81,-0.198,Medio
21128,41.61,-0.331,Medio
21025,75.92,0.505,Alto
21176,69.57,-0.009,Medio
21151,66.75,-0.583,Bajo
21209,69.15,0.397,Alto
21166,71.3,0.214,Alto
21185,69.56,0.186,Alto
21073,76.33,0.232,Alto
21204,68.42,-0.049,Medio
21057,73.96,0.683,Alto
21093,86.23,0.409,Alto
21046,70.48,0.069,Medio
21068,79.55,1.399,Muy alto
21060,56.14,-0.325,Medio
21150,70.1,0.731,Alto
21193,67.62,1.027,Alto
21181,56.81,-0.596,Bajo
21020,73.37,-0.189,Medio
21084,72.82,1.342,Muy alto
21158,79.09,0.801,Alto
21168,68.9,1.171,Alto
21012,71.3,0.047,Medio
21184,82.64,1.004,Alto
21098,67.47,0.256,Alto
21203,75.84,0.399,Alto
21070,84.67,1.137,Alto
21192,71.4,0.468,Alto
21147,77.24,0.847,Alto
21126,68.8,0.071,Medio
21103,72.88,0.497,Alto
21173,51.43,-0.664,Bajo
21066,75.15,0.673,Alto
21120,77,1.206,Alto
21210,77.75,0.66,Alto
21155,48.21,0.126,Alto
21079,58.69,-0.239,Medio
21187,76.74,1.207,Alto
21092,77.99,0.901,Alto
21077,89.54,2.09,Muy alto
21182,72.18,-0.075,Medio
21215,78.37,0.718,Alto
21033,65.83,0.242,Alto
21062,78.69,0.247,Alto
21014,74.12,1.179,Alto
21105,70.61,0.185,Alto
21055,77.65,0.581,Alto
21088,75.47,1.037,Alto
21206,73.03,0.728,Alto
21113,68.16,0.518,Alto
21162,77.94,1.52,Muy alto
21027,86.76,0.727,Alto
21123,82.19,1.532,Muy alto
21159,87.99,1.475,Muy alto
21018,69.92,0.425,Alto
21029,69.68,0.645,Alto
21081,64.3,1.19,Alto
21139,63.47,0.334,Alto
21171,65.64,-0.402,Medio
21127,68.52,0.452,Alto
21130,61.34,0.032,Medio
21200,76.49,0.471,Alto
21141,66.45,0.204,Alto
21201,73.02,0.478,Alto
21101,71.15,0.326,Alto
21007,77.15,0.807,Alto
21042,79.62,0.941,Alto
21160,78,0.3,Alto
21005,87.71,1.755,Muy alto
21031,77.89,0.686,Alto
21096,67.29,-0.165,Medio
21028,83.02,1.45,Muy alto
21080,73,0.854,Alto
21216,74.79,1.131,Alto
21097,55.62,-0.484,Medio
21037,58.45,0.017,Medio
21059,60.07,0.358,Alto
21009,64.25,0.394,Alto
21011,71.48,0.404,Alto
21196,66.01,0.151,Alto
21032,77.73,0.705,Alto
21056,67.95,0.382,Alto
21021,69.53,-0.003,Medio
21121,58.99,0.787,Alto
21190,84.07,0.04,Medio
21198,64.71,1.031,Alto
21052,80.24,0.95,Alto
21165,76.67,1.064,Alto
21024,58.61,0.304,Alto
21131,88.16,0.307,Alto
21030,59.91,0.703,Alto
21146,78.67,0.831,Alto
21133,76.28,0.255,Alto
21135,74.66,0.596,Alto
21095,70.49,-0.162,Medio
22014,18.89,-1.765,Muy bajo
22016,34.16,-1.297,Muy bajo
22006,12.86,-1.878,Muy bajo
22011,22.36,-1.051,Bajo
22017,41.77,-0.98,Bajo
22004,48.07,-0.007,Medio
22012,36.53,-0.86,Bajo
22005,34.38,-0.414,Medio
22001,54.66,0.101,Alto
22007,44.5,-0.652,Bajo
22008,35.87,-0.393,Medio
22018,40.62,-0.051,Medio
22009,45.56,-0.308,Medio
22002,50.47,0.509,Alto
22013,39.51,-0.003,Medio
22010,54.61,0.292,Alto
22003,50.45,-0.162,Medio
22015,44.14,-0.236,Medio
23005,23.31,-1.474,Muy bajo
23004,36.82,-1.109,Muy bajo
23008,18.85,-1.477,Muy bajo
23001,32.42,-1.246,Muy bajo
23002,58.04,0.424,Alto
23010,63.33,0.203,Alto
23006,62.27,0.304,Alto
23009,23.39,-0.874,Bajo
23007,60.6,0.302,Alto
23003,32.77,-0.685,Bajo
24028,29.62,-1.704,Muy bajo
24035,31.91,-1.694,Muy bajo
24013,48.53,-0.827,Bajo
24020,49.81,-1.119,Muy bajo
24024,53.29,-0.416,Medio
24037,60.82,0.393,Alto
24021,49.66,-0.192,Medio
24054,69.84,0.724,Alto
24050,40.61,-0.29,Medio
24003,83.09,2.112,Muy alto
24011,56.14,-0.615,Bajo
24016,58.73,-0.395,Medio
24032,53.01,0.124,Alto
24040,52.48,-0.344,Medio
24053,68.78,0.046,Medio
24049,69.52,0.228,Alto
24010,60.44,0.017,Medio
24025,68.22,-0.269,Medio
24057,69.78,0.621,Alto
24036,64.78,0.543,Alto
24017,67.62,0.965,Alto
24055,38.06,-0.262,Medio
24058,55.64,-0.485,Medio
24008,53.51,-0.665,Bajo
24029,78.28,1.015,Alto
24015,50.76,-0.454,Medio
24012,73.53,1.111,Alto
24041,80.39,0.715,Alto
24022,69.14,0.432,Alto
24007,51.54,-0.738,Bajo
24005,60.74,-0.701,Bajo
24001,65.89,0.257,Alto
24046,54.42,0.111,Alto
24018,73.31,0.819,Alto
24039,73.34,0.963,Alto
24038,67.94,0.589,Alto
24023,59.87,0.293,Alto
24056,66.12,-0.063,Medio
24014,67.38,0.564,Alto
24042,67.58,-0.166,Medio
24051,47.22,-0.293,Medio
24034,71.92,0.254,Alto
24045,71.29,0.057,Medio
24033,60.98,0.099,Alto
24031,76.04,2.257,Muy alto
24027,58.54,-0.22,Medio
24052,69.33,0.246,Alto
24006,67.27,0.344,Alto
24047,73.27,0.808,Alto
24043,57.68,0.181,Alto
24026,76.63,1.008,Alto
24002,73.1,0.598,Alto
24044,73.31,0.547,Alto
24019,67.79,0.615,Alto
24048,43.65,-0.585,Bajo
24030,56.08,-0.066,Medio
24009,33.18,-0.54,Bajo
24004,59.32,0.387,Alto
25006,21.59,-1.497,Muy bajo
25012,29.48,-1.527,Muy bajo
25001,36.55,-1.223,Muy bajo
25011,46.92,-0.705,Bajo
25018,39.65,-0.433,Medio
25010,59.04,-0.355,Medio
25017,58.58,0.13,Alto
25015,30.71,-1.35,Muy bajo
25009,32.62,-0.748,Bajo
25008,34.82,-0.43,Medio
25014,37.58,-0.658,Bajo
25002,40.72,-0.813,Bajo
25013,48.86,-0.105,Medio
25007,52.1,0.319,Alto
25003,45.18,0.676,Alto
25004,35.33,-0.546,Bajo
25016,43.77,-0.211,Medio
25005,37.09,-0.317,Medio
26030,19.95,-1.728,Muy bajo
26018,35.81,-1.478,Muy bajo
26043,27.3,-1.557,Muy bajo
26055,30.22,-1.292,Muy bajo
26042,45.27,-1.009,Bajo
26029,34.52,-1.258,Muy bajo
26017,31.72,-1.169,Muy bajo
26002,33.26,-1.455,Muy bajo
26033,57.63,-0.542,Bajo
26026,65.32,-0.148,Medio
26048,24.22,-1.515,Muy bajo
26025,32.28,-1.258,Muy bajo
26019,14.12,-1.867,Muy bajo
26036,27.96,-1.604,Muy bajo
26003,47.32,-0.034,Medio
26012,53.49,-0.518,Bajo
26071,56.06,-0.774,Bajo
26070,31.79,-0.947,Bajo
26058,27.89,-1.51,Muy bajo
26072,59,-0.357,Medio
26041,15.03,-1.669,Muy bajo
26035,34.68,-1.145,Muy bajo
26004,36.61,-1.093,Muy bajo
26047,20.8,-1.271,Muy bajo
26056,27.61,0.062,Medio
26066,20.15,-1.179,Muy bajo
26027,19.66,-1.596,Muy bajo
26039,27.99,-1.549,Muy bajo
26023,24.45,-1.286,Muy bajo
26069,29.85,-0.21,Medio
26052,22.93,-0.835,Bajo
26016,31.45,-1.459,Muy bajo
26051,33.62,-0.296,Medio
26038,21.35,-1.399,Muy bajo
26020,27.44,-0.786,Bajo
26014,26.6,-1.068,Bajo
26049,64.37,1.048,Alto
26001,18.84,-1.044,Bajo
26006,28.44,-1.089,Muy bajo
26045,45.06,-0.439,Medio
26021,24.26,-0.693,Bajo
26040,34.31,-0.266,Medio
26059,29.52,-1.137,Muy bajo
26013,24.36,-1.232,Muy bajo
26064,35.78,-0.532,Bajo
26060,38,-0.785,Bajo
26011,21.48,-1.254,Muy bajo
26067,9.95,-1.41,Muy bajo
26057,30.22,-0.987,Bajo
26015,34,-0.98,Bajo
26050,25.41,-0.903,Bajo
26061,17.38,-0.649,Bajo
26010,37.09,-0.663,Bajo
26037,18.22,-1.154,Muy bajo
26031,47.33,-0.774,Bajo
26063,38.75,-1.05,Bajo
26065,52.71,-0.585,Bajo
26068,18.31,-1.225,Muy bajo
26005,14.19,-0.404,Medio
26062,29.73,-0.78,Bajo
26008,33.89,-0.75,Bajo
26028,19.83,-1.414,Muy bajo
26022,19.4,-0.855,Bajo
26034,19.39,-1.368,Muy bajo
26032,20.97,-1.334,Muy bajo
26009,20.96,-0.827,Bajo
26024,33.17,-0.976,Bajo
26007,50.9,-1.032,Bajo
26054,19.05,-0.599,Bajo
26044,26.4,-0.68,Bajo
26053,13.01,-1.33,Muy bajo
26046,40.82,-0.714,Bajo
27004,23.95,-1.483,Muy bajo
27002,44.92,-0.551,Bajo
27005,33.8,-0.807,Bajo
27008,50.9,-0.225,Medio
27012,44.48,-0.566,Bajo
27006,47.31,-0.361,Medio
27013,28.49,-1.087,Muy bajo
27003,51.84,-0.107,Medio
27014,20.8,-1.234,Muy bajo
27010,36.35,-0.791,Bajo
27001,64.79,-0.045,Medio
27017,58.52,-0.325,Medio
27016,51.63,-0.319,Medio
27015,57.33,-0.076,Medio
27009,44.97,-0.416,Medio
27007,43.64,-0.878,Bajo
27011,67.37,0.009,Medio
28032,35.32,-1.43,Muy bajo
28022,38.72,-1.296,Muy bajo
28027,31.5,-1.441,Muy bajo
28041,29.88,-1.558,Muy bajo
28038,33.94,-1.686,Muy bajo
28003,36.1,-1.259,Muy bajo
28009,30.66,-1.69,Muy bajo
28033,41.46,-1.117,Muy bajo
28021,50,-1.06,Bajo
28040,49.48,-1.043,Bajo
28035,50.66,-0.51,Bajo
28012,63.43,-0.294,Medio
28039,66.2,0.299,Alto
28002,55.92,-0.479,Medio
28025,27.42,-1.559,Muy bajo
28037,49.99,-0.358,Medio
28043,55.43,-0.68,Bajo
28016,68.41,-0.081,Medio
28019,66.02,0.069,Medio
28007,29.66,-1.263,Muy bajo
28013,63.64,-0.11,Medio
28015,38.4,-1.127,Muy bajo
28017,57.81,-0.349,Medio
28030,57.15,-0.658,Bajo
28029,56.93,-0.252,Medio
28001,56.15,-0.558,Bajo
28004,68.53,-0.059,Medio
28011,71.88,-0.143,Medio
28034,64.93,0.233,Alto
28018,55.81,-0.696,Bajo
28006,69.88,1.19,Alto
28042,63.89,-0.045,Medio
28014,29.08,-1.162,Muy bajo
28005,43.34,-0.237,Medio
28024,37.27,-1.098,Muy bajo
28008,60.25,0.223,Alto
28023,46.58,-0.17,Medio
28026,70.57,0.743,Alto
28028,65.89,-0.167,Medio
28020,56.3,-0.342,Medio
28010,48.93,-0.029,Medio
28031,60.56,-0.024,Medio
28036,74.44,0.713,Alto
29033,35.35,-1.687,Muy bajo
29013,57.02,-0.715,Bajo
29005,42.31,-1.551,Muy bajo
29025,42.28,-0.785,Bajo
29010,51.75,-1.249,Muy bajo
29006,51.3,-1.075,Muy bajo
29044,53.61,-1.298,Muy bajo
29034,67.49,-0.43,Medio
29018,65.98,-0.791,Bajo
29015,51.49,-0.914,Bajo
29043,44.71,-1.338,Muy bajo
29031,51.81,-1.083,Muy bajo
29041,52.88,-1.145,Muy bajo
29024,42.3,-1.088,Muy bajo
29023,57.76,-0.663,Bajo
29028,60.9,-0.816,Bajo
29039,56.61,-0.854,Bajo
29036,33.47,-1.418,Muy bajo
29019,54.73,-1.032,Bajo
29026,46.82,-1.011,Bajo
29048,52.2,-1.095,Muy bajo
29021,62.4,-0.891,Bajo
29007,54.3,-0.468,Medio
29004,68.48,-0.012,Medio
29038,49.97,-1.135,Muy bajo
29008,59.49,-0.548,Bajo
29002,43.16,-1.15,Muy bajo
29030,60.87,-0.048,Medio
29014,51.25,-0.574,Bajo
29042,44.86,-1.498,Muy bajo
29032,55.96,-0.84,Bajo
29027,58.61,-0.897,Bajo
29029,50.42,-0.969,Bajo
29001,51.27,-1.253,Muy bajo
29050,59.97,-0.904,Bajo
29017,67.78,-0.626,Bajo
29040,65.21,-0.465,Medio
29020,57.87,-0.536,Bajo
29037,73.91,-0.062,Medio
29058,59.32,-1.03,Bajo
29012,66.01,-0.216,Medio
29056,52.42,-1.043,Bajo
29053,50.28,-1.139,Muy bajo
29059,69.37,-0.575,Bajo
29016,60.85,-0.828,Bajo
29003,62.38,-0.279,Medio
29045,46.42,-1.045,Bajo
29022,65.09,-0.655,Bajo
29052,59.61,-0.733,Bajo
29035,49.42,-1.207,Muy bajo
29054,54.69,-1.266,Muy bajo
29049,42.01,-1.449,Muy bajo
29009,56.1,-0.714,Bajo
29060,64.61,-0.588,Bajo
29011,56.52,-0.686,Bajo
29046,77.85,0.032,Medio
29057,54.57,-0.748,Bajo
29051,42.31,-1.029,Bajo
29055,53.94,-0.615,Bajo
29047,66.04,-0.383,Medio
30193,29.79,-1.51,Muy bajo
30087,32.16,-1.505,Muy bajo
30039,29.95,-1.383,Muy bajo
30044,46.51,-1.063,Bajo
30131,32.88,-1.246,Muy bajo
30141,63.36,0.125,Alto
30189,39.48,-0.991,Bajo
30124,53.33,0.547,Alto
30108,39.61,-0.643,Bajo
30028,24.02,-1.722,Muy bajo
30048,39.83,-0.713,Bajo
30118,43.19,-1.538,Muy bajo
30102,50.94,-0.678,Bajo
30174,48.01,-0.54,Bajo
30160,66.65,0.122,Alto
30155,72.02,1.183,Alto
30123,46.38,-0.464,Medio
30175,47.75,0.136,Alto
30038,40.36,-1.032,Bajo
30003,59.19,-0.263,Medio
30061,57.09,0.506,Alto
30065,39.55,-0.858,Bajo
30105,33.52,-0.973,Bajo
30128,51.15,-0.485,Medio
30085,51.13,-0.725,Bajo
30068,47.35,-0.968,Bajo
30010,66.57,0.393,Alto
30109,67.04,-0.186,Medio
30183,70.08,-0.041,Medio
30071,61.92,-0.126,Medio
30047,61.24,0.635,Alto
30133,44.72,-0.744,Bajo
30143,70.65,0.523,Alto
30045,48.99,-0.551,Bajo
30173,75.82,1.05,Alto
30040,33.62,-0.834,Bajo
30058,66.97,0.32,Alto
30083,66.82,1.264,Muy alto
30011,45.21,-0.646,Bajo
30023,75.98,0.81,Alto
30032,67.6,0.107,Alto
30204,33.81,-0.845,Bajo
30207,61.71,-0.082,Medio
30014,57.96,-0.434,Medio
30086,81.92,0.518,Alto
30201,69.16,1.534,Muy alto
30004,62.62,-0.181,Medio
30077,58.44,-0.126,Medio
30073,62.18,0.359,Alto
30030,52.48,-0.426,Medio
30138,44.68,-1.411,Muy bajo
30089,49.39,-0.446,Medio
30130,64.68,0.366,Alto
30094,67.61,0.139,Alto
30092,57.99,-0.211,Medio
30115,54.23,-0.694,Bajo
30181,52.25,0.029,Medio
30101,57.71,-0.163,Medio
30161,63.88,0.529,Alto
30149,62.26,1.681,Muy alto
30142,69.77,0.473,Alto
30015,64.98,0.073,Medio
30126,41.87,-0.549,Bajo
30144,67.31,0.425,Alto
30125,69.07,0.059,Medio
30191,40.58,-1.056,Bajo
30206,19.62,-1.444,Muy bajo
30211,64.87,-0.306,Medio
30210,68.8,0.675,Alto
30091,59.61,0.466,Alto
30009,64.43,-0.022,Medio
30013,47.5,-0.92,Bajo
30053,54.43,-0.477,Medio
30148,57.16,-0.321,Medio
30066,73.9,0.751,Alto
30016,36.38,-1.198,Muy bajo
30127,82.52,1.475,Muy alto
30034,41.77,-1.196,Muy bajo
30025,75.49,1.464,Muy alto
30159,73.68,3.545,Muy alto
30081,55.73,-0.134,Medio
30026,38.15,-1.225,Muy bajo
30069,58.56,-0.306,Medio
30208,40.5,-0.69,Bajo
30117,73.06,0.512,Alto
30021,66.68,-0.286,Medio
30158,68.28,0.335,Alto
30033,67.07,0.504,Alto
30100,46.97,-0.413,Medio
30121,55.83,0.501,Alto
30147,86.14,1.812,Muy alto
30151,72.47,0.481,Alto
30135,62.9,0.113,Alto
30080,74.9,0.255,Alto
30006,59.57,0.67,Alto
30169,70.43,0.355,Alto
30051,77.02,0.994,Alto
30134,48.24,-0.611,Bajo
30112,65.06,-0.358,Medio
30072,63.11,0.347,Alto
30022,73.25,0.48,Alto
30062,64.56,0.111,Alto
30049,56.76,0.153,Alto
30172,68.44,0.571,Alto
30192,61.36,-0.372,Medio
30157,67.75,0.417,Alto
30043,77.73,0.977,Alto
30132,68.22,0.128,Alto
30097,49.29,-0.97,Bajo
30070,71.53,0.896,Alto
30205,55.53,-0.474,Medio
30182,50.69,-0.358,Medio
30067,79.87,1.549,Muy alto
30129,64.4,0.26,Alto
30099,70.18,0.196,Alto
30196,55.74,-0.469,Medio
30027,68.18,0.917,Alto
30111,39.38,-0.223,Medio
30122,75.37,0.797,Alto
30188,74.26,0.473,Alto
30104,70.49,1.073,Alto
30075,69.52,0.621,Alto
30031,81.04,0.748,Alto
30050,72.41,1.695,Muy alto
30060,68.83,0.374,Alto
30116,59.75,-0.106,Medio
30093,55.52,-0.206,Medio
30164,60.55,-0.332,Medio
30145,55.33,-0.239,Medio
30046,75.97,0.482,Alto
30059,48.58,-0.175,Medio
30120,53.97,-0.032,Medio
30095,77.78,0.481,Alto
30024,75.92,0.519,Alto
30082,27.66,-0.625,Bajo
30209,72.08,0.745,Alto
30203,77.59,2.191,Muy alto
30168,70.3,1.894,Muy alto
30167,71.02,0.148,Alto
30202,58.18,1.991,Muy alto
30063,74.38,0.557,Alto
30057,83.59,0.995,Alto
30078,79.69,0.628,Alto
30055,61.97,0.674,Alto
30076,79.56,2.137,Muy alto
30178,58.6,-0.053,Medio
30200,74.29,0.093,Alto
30154,74.24,0.494,Alto
30029,77.49,1.22,Alto
30212,70.31,1.007,Alto
30054,65.53,0.103,Alto
30103,73.12,1.794,Muy alto
30152,60.84,0.319,Alto
30052,59.32,-0.162,Medio
30035,72.49,0.348,Alto
30197,78.94,0.505,Alto
30194,60.72,0.307,Alto
30150,70.82,0.188,Alto
30110,82.59,3.334,Muy alto
30180,76.73,1.213,Alto
30079,74.1,0.789,Alto
30177,67.28,0.568,Alto
30090,43.37,-0.143,Medio
30199,50.07,-0.054,Medio
30170,69.79,1.719,Muy alto
30020,76.45,1.891,Muy alto
30114,63.93,-0.12,Medio
30036,67.71,0.227,Alto
30008,77.82,0.971,Alto
30166,80.26,0.592,Alto
30001,61.24,0.138,Alto
30037,82.12,1.347,Muy alto
30165,78.08,1.592,Muy alto
30136,48.59,-0.39,Medio
30012,56,0.177,Alto
30184,70.11,1.411,Muy alto
30074,51.34,-0.552,Bajo
30198,69.77,1.465,Muy alto
30186,67.97,-0.306,Medio
30056,68.67,1.054,Alto
30162,82.08,0.62,Alto
30019,68.34,1.399,Muy alto
30007,72.73,0.261,Alto
30139,56.18,0.134,Alto
30137,77.6,1.794,Muy alto
30153,71.97,0.114,Alto
30084,64.46,0.464,Alto
30156,65.27,0.861,Alto
30042,68.06,0.518,Alto
30119,67.58,0.09,Alto
30187,69.87,0.489,Alto
30195,80.47,1.668,Muy alto
30005,66.35,0.358,Alto
30171,76.22,1.267,Muy alto
30185,63.25,0.394,Alto
30163,79.15,0.729,Alto
30088,79.86,0.415,Alto
30176,66.33,0.211,Alto
30106,79.23,0.348,Alto
30113,74.73,0.653,Alto
30017,55.4,-0.46,Medio
30064,71.2,1.458,Muy alto
30179,77.9,0.063,Medio
30146,77.54,0.227,Alto
30002,76.03,-0.032,Medio
30098,68.59,0.765,Alto
30140,77.66,0.958,Alto
30107,60.13,1.022,Alto
30041,71.93,1.065,Alto
30190,63.94,-0.075,Medio
30018,83.94,1.566,Muy alto
30096,79.42,-0.039,Medio
31050,34.56,-1.477,Muy bajo
31041,44.75,-0.953,Bajo
31102,58.9,0.089,Alto
31096,63.9,0.245,Alto
31059,39.79,-1.058,Bajo
31101,52.78,-0.615,Bajo
31079,63.85,-0.047,Medio
31089,60.22,-0.448,Medio
31019,66.42,1.523,Muy alto
31052,51.13,-0.366,Medio
31038,60.72,-0.083,Medio
31056,69.67,0.182,Alto
31040,63.64,-0.116,Medio
31058,65.33,0.267,Alto
31048,57.24,0.299,Alto
31033,61.85,0.366,Alto
31093,52.06,-0.692,Bajo
31076,57.3,0.296,Alto
31002,51.04,-0.308,Medio
31032,66.3,0.761,Alto
31085,75.24,0.882,Alto
31104,57.14,1.166,Alto
31098,66.82,0.357,Alto
31053,67.47,-0.171,Medio
31091,66.67,0.204,Alto
31003,78.95,0.233,Alto
31013,39.66,-1.071,Bajo
31080,66.41,0.152,Alto
31067,46.76,-0.182,Medio
31069,59.51,0.582,Alto
31006,68.96,-0.065,Medio
31021,76.52,0.915,Alto
31027,59.85,-0.73,Bajo
31011,63,-0.251,Medio
31057,73.39,0.069,Medio
31036,62.96,0.168,Alto
31090,56.23,0.727,Alto
31007,59.1,-0.397,Medio
31084,71.43,0.311,Alto
31044,69.82,0.325,Alto
31092,75.31,1.503,Muy alto
31055,51.81,0.327,Alto
31075,70.7,0.662,Alto
31001,53.61,0.659,Alto
31029,68.57,-0.341,Medio
31034,61.56,0.723,Alto
31035,57.55,0.643,Alto
31004,60.48,-0.158,Medio
31047,73.4,0.573,Alto
31042,59.44,0.478,Alto
31095,57.96,-0.201,Medio
31025,77.59,0.181,Alto
31037,70.28,0.493,Alto
31015,61.24,0.395,Alto
31087,75.46,0.905,Alto
31063,67.22,0.095,Alto
31073,73.45,1.07,Alto
31062,61.97,0.272,Alto
31094,73.35,0.953,Alto
31023,52.95,-0.179,Medio
31017,63.13,1.09,Alto
31009,70.77,0.234,Alto
31020,46.84,-0.342,Medio
31022,83.97,1.528,Muy alto
31039,58.13,-0.153,Medio
31099,64.05,1.036,Alto
31066,68.81,0.39,Alto
31008,77.94,0.625,Alto
31070,70.34,0.023,Medio
31012,73.72,0.319,Alto
31078,64.5,0.288,Alto
31030,69.99,0.967,Alto
31082,62.58,-0.292,Medio
31049,71.37,2.019,Muy alto
31100,62.09,0.12,Alto
31026,60.38,-0.164,Medio
31074,66.84,0.239,Alto
31097,69.13,0.713,Alto
31061,58.13,-0.129,Medio
31103,59.35,0.506,Alto
31024,78.84,1.004,Alto
31051,54.14,-0.31,Medio
31081,73.87,0.848,Alto
31046,76.75,0.664,Alto
31018,66.93,0.663,Alto
31043,72.44,0.688,Alto
31105,59.15,-0.303,Medio
31068,66,0.005,Medio
31016,70.65,0.725,Alto
31054,60.87,0.056,Medio
31028,55.58,-0.247,Medio
31077,70.43,0.612,Alto
31031,78.71,0.753,Alto
31010,59.1,1.262,Muy alto
31045,68.94,0.095,Alto
31106,64.98,0.087,Alto
31005,54.15,-0.065,Medio
31086,67.4,0.715,Alto
31065,60.49,-0.324,Medio
31088,59.72,0.272,Alto
31083,56.14,-0.342,Medio
31072,63.32,-0.289,Medio
31071,52.31,0.198,Alto
31064,61.17,0.149,Alto
31014,61.52,0.463,Alto
31060,66.67,0.279,Alto
32010,47.41,-1.02,Bajo
32017,29.19,-1.658,Muy bajo
32056,28.48,-1.785,Muy bajo
32038,60.85,-0.014,Medio
32039,50.8,-0.931,Bajo
32042,46.18,-0.801,Bajo
32020,53.96,-1.094,Muy bajo
32024,55.47,-0.82,Bajo
32005,45.78,-1.142,Muy bajo
32036,60.71,-0.519,Bajo
32051,56.63,-0.445,Medio
32049,50.75,-0.443,Medio
32055,53.56,-0.746,Bajo
32034,46.81,-0.967,Bajo
32048,47.96,-0.975,Bajo
32019,52.84,-0.828,Bajo
32029,54.56,-0.97,Bajo
32016,69.05,-0.154,Medio
32040,65.16,-0.355,Medio
32014,57.26,-0.371,Medio
32022,58.08,-0.936,Bajo
32057,46.5,-0.915,Bajo
32054,63.27,-0.194,Medio
32052,50.32,-0.786,Bajo
32037,50.18,-0.422,Medio
32026,51.48,0.113,Alto
32035,54.87,-0.371,Medio
32044,59.53,-0.649,Bajo
32025,58.12,-0.71,Bajo
32053,51.56,-0.642,Bajo
32007,35.71,-1.042,Bajo
32023,46.63,-1.043,Bajo
32008,63.54,-0.523,Bajo
32032,34.78,-1.32,Muy bajo
32009,43.94,-0.62,Bajo
32050,42.82,-0.691,Bajo
32031,50.41,-0.504,Bajo
32045,53.95,-0.463,Medio
32006,58.82,-0.903,Bajo
32012,53.07,-0.058,Medio
32046,62.78,-0.281,Medio
32013,46.75,-0.719,Bajo
32001,66.67,-0.322,Medio
32047,44.32,-0.839,Bajo
32002,48.32,-0.253,Medio
32021,58.48,0.415,Alto
32018,58.45,-0.462,Medio
32004,42.7,-0.658,Bajo
32033,41.69,-0.688,Bajo
32027,53.01,-0.164,Medio
32011,34.7,-0.747,Bajo
32058,51.32,-0.435,Medio
32028,35.71,-0.336,Medio
32041,68.27,0.269,Alto
32003,46.18,-0.46,Medio
32030,54.43,-0.606,Bajo
32043,59.53,-0.298,Medio
32015,49.43,-0.288,Medio
