K_ENTIDAD_MUNICIPIO,SUPERFICIE
01001,1178.14
01002,547.73
01003,932.74
01004,129.74
01005,505.14
01006,197.93
01007,376.21
01008,866.69
01009,232.07
01010,510.19
01011,139.09
02001,53138.79
02002,15653.41
02003,2687.23
02004,1234.74
02005,500.34
03001,18331.49
03002,32058.14
03003,15833.13
03008,3751.05
03009,4627.92
04001,2102.7
04002,3243.99
04003,8617.21
04004,6855.46
04005,1274.97
04006,7779.88
04007,2143.17
04008,1058.54
04009,4783.29
04010,13987.47
04011,5669.54
05001,743.14
05002,11464.07
05003,251.64
05004,1635.34
05005,2118.82
05006,3343.06
05007,10672.26
05008,1024.91
05009,2810.06
05010,457.46
05011,2640.86
05012,2926.73
05013,1129.81
05014,2200.92
05015,2458.15
05016,673.36
05017,806.03
05018,1251.51
05019,639.14
05020,8288.43
05021,716.57
05022,907.93
05023,26024.4
05024,10620.64
05025,474.44
05026,2886.53
05027,6754.39
05028,1976.24
05029,289.37
05030,5619.58
05031,6443.06
05032,802.41
05033,7143.98
05034,7921.74
05035,1282.75
05036,4401.76
05037,1854.53
05038,7938.74
06001,408.8
06002,746.13
06003,314.51
06004,526.99
06005,412.14
06006,374.93
06007,1357.16
06008,414.9
06009,940.77
06010,287.83
07001,248.04
07002,481.14
07003,559.81
07004,955.11
07005,315.93
07006,253.57
07007,152.12
07008,581.51
07009,807.75
07010,78.72
07011,213.72
07012,351.97
07013,365.21
07014,159.16
07015,174.18
07016,629.73
07017,2440.51
07018,155.01
07019,977.84
07020,2571.82
07021,346.41
07022,185.29
07023,344.51
07024,406.69
07025,181.42
07025,181.42
07026,251.39
07027,830.58
07028,51.4
07029,115.34
07030,996.43
07031,1679.59
07032,416.88
07033,210.09
07034,764.47
07035,94.04
07037,303.17
07038,310.78
07039,339.1
07040,396.13
07041,514.31
07042,94.36
07043,125.25
07044,279.08
07045,107.24
07046,1301.33
07047,235.59
07048,742.8
07049,148.79
07050,456.61
07051,1219.56
07052,3015.4
07053,110.3
07054,382.61
07055,27.23
07056,36.57
07057,584.31
07058,29.53
07059,9488.09
07060,61.14
07061,2095.48
07062,598.49
07063,92.3
07064,416.45
07065,2887.98
07066,192.54
07067,105.67
07068,593.15
07069,1756.61
07070,82.66
07071,445.46
07072,247.43
07073,67.68
07074,434.9
07075,234.81
07076,249.95
07077,1228.24
07078,394.17
07079,359.54
07080,876
07081,313.94
07082,105.4
07083,632.73
07084,156.33
07085,96.08
07086,283.88
07087,236.12
07088,78.34
07089,980.12
07090,66.1
07091,42.59
07092,1256.36
07093,192.48
07094,283.48
07096,801.26
07097,1852.51
07098,168.53
07099,1602.84
07100,402.19
07101,334.94
07102,161.37
07103,174.25
07104,358.2
07105,62.04
07106,1359.99
07107,2754.97
07108,1901.39
07109,209.26
07110,94.04
07111,194.61
07112,173.04
07113,26.81
07114,1092.95
07115,634.94
07116,909.28
07117,197.9
07118,38.34
07119,16.54
08001,16910.05
08002,9216.32
08003,2133.14
08004,495.12
08005,12859.87
08006,952.17
08007,5405.35
08008,2137.12
08009,2705.99
08010,7911.94
08011,13747.01
08012,2590.68
08013,3755.08
08014,1890.08
08015,11650.88
08016,1053.02
08017,3608.22
08018,1608.18
08019,8382.23
08020,1989.9
08021,533.12
08022,1033.08
08023,1729.63
08024,669.53
08025,853.34
08026,485.43
08027,6972.32
08028,5995.24
08029,9631.89
08030,1822.87
08031,5729.68
08032,1923.6
08033,852.89
08034,2860.81
08035,7413.39
08036,10771.27
08037,3547.49
08038,4119.67
08039,1347.92
08040,8737.43
08041,1006.43
08042,5025.46
08043,727.07
08044,1182.1
08045,429.17
08046,2183.01
08047,1807.07
08048,4859.97
08049,2000.89
08050,2602.18
08051,1795.7
08052,6795.93
08053,370.77
08054,2263.13
08055,1926.85
08056,1172.15
08057,1319.56
08058,878.56
08059,479.91
08060,345.55
08061,3556.57
08062,3039.7
08063,4274.83
08064,469.7
08065,3301.73
08066,2658.96
08067,2954.3
09002,33.52
09003,53.92
09004,71.22
09005,87.91
09006,23.1
09007,113.27
09008,63.42
09009,298.25
09010,96.16
09011,85.75
09012,310.42
09013,118.2
09014,26.7
09015,32.52
09016,46.39
09017,33.86
10001,3491.96
10002,892.56
10003,1074.47
10004,5349.36
10005,9285.39
10006,2189.32
10007,842.42
10008,1317.11
10009,5437.9
10010,4689.6
10011,2505.12
10012,2147.71
10013,7730.1
10014,8373.42
10015,2387.47
10016,1185.88
10017,3644.01
10018,3530.05
10019,1709.9
10020,1026.19
10021,1683.61
10022,1127.47
10023,6944.33
10024,1432.93
10025,2307.19
10026,5483.25
10027,2409.65
10028,1399.44
10029,604.76
10030,1796.95
10031,985.28
10032,6402.87
10033,1468.3
10034,5800.71
10035,6069.16
10036,4741.54
10037,1627.65
10038,369.71
10039,1851.66
11001,615.31
11002,877.76
11003,1553.83
11004,373.88
11005,420.41
11006,314.07
11007,553.06
11008,819.84
11009,488.66
11010,123.8
11011,335.21
11012,260.32
11013,230.81
11014,1655.72
11015,1014.13
11016,127.52
11017,851.05
11018,175.39
11019,883.07
11020,1221.57
11021,159.75
11022,1026.27
11023,1561.06
11024,59.88
11025,290.68
11026,440.71
11027,755.6
11028,592.87
11029,1013.09
11030,3006.87
11031,425.38
11032,548.16
11033,2031.31
11034,194.76
11035,429.08
11036,83.62
11037,538.52
11038,120.79
11039,334.22
11040,409.35
11041,116.34
11042,819.63
11043,1047.36
11044,128.48
11045,911.19
11046,666.33
12001,1727.84
12002,871.32
12003,1994.47
12004,469.91
12005,93.88
12006,626.88
12007,754.08
12008,557.98
12009,146.52
12010,573.47
12011,1449.39
12012,1051.75
12013,395.98
12014,229.94
12015,303.98
12016,2645.13
12017,445.41
12018,296.57
12019,732.5
12020,306.62
12021,1810.82
12022,3357.49
12023,631.62
12024,239.21
12025,313.98
12026,373.02
12027,1335.64
12028,749.72
12029,2180.64
12030,284.38
12031,260.06
12032,1726.74
12033,274.92
12034,1327.6
12035,570.69
12036,195.12
12037,212.1
12038,1467.93
12039,408.81
12040,720.7
12041,472.92
12042,615.33
12043,601.6
12044,512.58
12045,706.91
12046,602.64
12047,294.23
12048,1971.67
12049,162.28
12050,126.33
12051,845.5
12052,1097.68
12053,1156.49
12054,2370.93
12055,650.69
12056,697.53
12057,2845.13
12058,1009.41
12059,852.91
12060,217.8
12061,388.63
12062,802.79
12063,279.97
12064,472.04
12065,117.45
12066,609.03
12067,284.7
12068,1760.21
12069,226.63
12070,261.61
12071,453.22
12072,228.36
12073,2144.87
12074,304.67
12075,1249.27
12076,630.76
12077,210.73
12078,620.58
12079,131.98
12080,253.78
12081,240.26
13001,241.6
13002,238.87
13003,271.86
13004,120.02
13005,253.11
13006,433.52
13007,272.32
13008,322.22
13009,137.6
13010,63.43
13011,142.65
13012,457.09
13013,121.34
13014,211.01
13015,593.63
13016,391.39
13017,278.33
13018,232.3
13019,222.82
13020,239.54
13021,123.01
13022,139.58
13023,104.99
13024,302.75
13025,292.31
13026,107.46
13027,214.84
13028,394.05
13029,660.71
13030,486.6
13031,440.95
13032,38.39
13033,110.79
13034,177.11
13035,146.34
13036,245.72
13037,796.91
13038,193.82
13039,53.43
13040,232.79
13041,114.79
13042,198.27
13043,249.7
13044,341.32
13045,79.73
13046,323.93
13047,385.15
13048,154.1
13049,180.24
13050,90.98
13051,115.24
13052,297.2
13053,358.48
13054,205.65
13055,256.23
13056,64.29
13057,420.21
13058,240.01
13059,525.06
13060,176.63
13061,242.91
13062,347.34
13063,353.43
13064,147.89
13065,44.93
13066,90.73
13067,163.31
13068,255.46
13069,76.7
13070,28.18
13071,531.6
13072,82.93
13073,392.11
13074,42.31
13075,117.22
13076,336.11
13077,217.42
13078,135.41
13079,187.07
13080,154.35
13081,272.69
13082,116.95
13083,319.87
13084,872.24
14001,339.19
14002,153.98
14003,273.99
14004,124.82
14005,173.7
14006,839.12
14007,194.71
14008,950.67
14009,104.19
14010,355.81
14011,440.56
14012,610.2
14013,510.89
14014,451.53
14015,705.14
14016,430.87
14017,883.37
14018,418.18
14019,866.48
14020,1543.4
14021,522.71
14022,501.33
14023,273.49
14024,331.2
14025,639.76
14026,265.64
14027,1391.13
14028,417.12
14029,643
14030,628.57
14031,655.08
14032,297.38
14033,426.72
14034,297.64
14035,1253.4
14036,337.76
14037,177.34
14038,837.73
14039,151.18
14040,756.37
14041,309.24
14042,769.55
14043,2010.98
14044,201.81
14045,831.82
14046,520.9
14047,162.79
14048,665.17
14049,1476.25
14050,325.78
14051,138.14
14052,245.7
14053,2514.56
14054,114.23
14055,293.19
14056,776.44
14057,133.99
14058,1843.12
14059,288.94
14060,287.02
14061,3363.59
14062,630.97
14063,242.67
14064,1155.75
14065,874.58
14066,834.77
14067,680.87
14068,1848.08
14069,674.31
14070,87.7
14071,522.97
14072,351.68
14073,847.67
14074,261.94
14075,305.51
14076,690.06
14077,342.97
14078,786.47
14079,353.45
14080,1116.73
14081,260.82
14082,215.97
14083,412.1
14084,1996.35
14085,1363.7
14086,619.41
14087,1301
14088,765.33
14089,79.24
14090,281.54
14091,933.54
14092,334.43
14093,1400.15
14094,1692.99
14095,219.1
14096,193.96
14097,714.52
14098,111.59
14099,512.63
14100,3014.8
14101,166.25
14102,293.57
14103,145.87
14104,587.03
14105,336.55
14106,429.97
14107,132.41
14108,725.45
14109,728.7
14110,443
14111,352.26
14112,195.23
14113,746.11
14114,318.18
14115,673.3
14116,452.94
14117,271.83
14118,563.33
14119,479.09
14120,1162.8
14121,252.25
14122,305.77
14123,400.02
14124,718.78
14125,227.48
15001,463.12
15002,83.86
15003,453.74
15004,182.68
15005,480.87
15006,16.6
15007,222.32
15008,637.94
15009,189.34
15010,75.66
15011,84.64
15012,7.07
15013,91.14
15014,257.89
15015,161.96
15016,231.37
15017,36.45
15018,102
15019,32.24
15020,35.09
15021,282.17
15022,14.96
15023,47.63
15024,26.23
15025,218.97
15026,292.24
15027,12.59
15028,20.66
15029,53.94
15030,6.84
15031,43.58
15032,193.04
15033,159.46
15034,50.64
15035,118.5
15036,234.47
15037,140.48
15038,75.74
15039,327.1
15040,110.89
15041,99.49
15042,336.19
15043,116.73
15044,4.69
15045,586.2
15046,118.86
15047,272.64
15048,277.35
15049,63.02
15050,140.69
15051,211.29
15052,205.21
15053,17.89
15054,67.36
15055,11.38
15056,235.84
15057,157.12
15058,63.26
15059,54.57
15060,234.81
15061,84
15062,136.06
15063,315.55
15064,137.57
15065,195.72
15066,156.97
15067,115.79
15068,46.08
15069,3.17
15070,36.66
15071,126.69
15072,23.51
15073,18.41
15074,368.7
15075,67.32
15076,27.47
15077,128.57
15078,103.88
15079,128.64
15080,564.11
15081,156.97
15082,669.22
15083,28.25
15084,164.61
15085,362.34
15086,545.13
15087,189.25
15088,163.24
15089,37.81
15090,207.41
15091,53.6
15092,83.18
15093,179.8
15094,43.3
15095,188.22
15096,122.53
15097,150.04
15098,24.73
15099,434.26
15100,17.35
15101,170.6
15102,172.84
15103,162.25
15104,77.19
15105,787.61
15106,453.08
15107,91.46
15108,26.78
15109,69.33
15110,430.28
15111,308.14
15112,306.74
15113,209.89
15114,424.28
15115,65.54
15116,66.9
15117,281.69
15118,308.98
15119,200.89
15120,224.18
15121,109.63
15122,46.61
15123,702.67
15124,488.03
15125,9.04
16001,176.32
16002,1396.87
16003,159.52
16004,240.29
16005,76.84
16006,1640.27
16007,54.96
16008,2264.23
16009,695.18
16010,3434.55
16011,67.7
16012,922.36
16013,918.04
16014,365.96
16015,2826.34
16016,393.68
16017,380.61
16018,173.28
16019,506.2
16020,254.4
16021,233.76
16022,323.04
16023,152.07
16024,222.36
16025,304.63
16026,1022.07
16027,192.3
16028,229.42
16029,1109.05
16030,304.16
16031,423.61
16032,243.98
16033,367.31
16034,1143.4
16035,1952.02
16036,96.21
16037,200.54
16038,2057.29
16039,79.11
16040,176.46
16041,125.91
16042,123.91
16043,118.7
16044,194.49
16045,243.23
16046,140.99
16047,265.49
16048,83.77
16049,1019.65
16050,695.96
16051,233.04
16052,1150.27
16053,1197.17
16054,183.39
16055,377.57
16056,304.15
16057,545.52
16058,234.99
16059,330.4
16060,76.91
16061,146.45
16062,170.37
16063,289.25
16064,503.37
16065,244.17
16066,438.54
16067,371.25
16068,331.81
16069,284.74
16070,192.67
16071,718.98
16072,234.86
16073,213.35
16074,131.1
16075,480.92
16076,128.11
16077,467.91
16078,104.09
16079,487.86
16080,256.98
16081,267.96
16082,786.81
16083,714.25
16084,315.53
16085,385.81
16086,228.08
16087,185.1
16088,255.86
16089,798.12
16090,189.76
16091,173.41
16092,1493.03
16093,190.53
16094,203.76
16095,504.21
16096,2062.4
16097,1546.09
16098,243.42
16099,1018.09
16100,168.38
16101,941.31
16102,1012.92
16103,227.63
16104,350.17
16105,147.6
16106,174.39
16107,454.68
16108,334.9
16109,113.18
16110,596.43
16111,159.97
16112,512.59
16113,219.64
17001,117.24
17002,79.38
17003,141.51
17004,377.07
17005,83.4
17006,97.18
17007,199.68
17008,68.28
17009,189.1
17010,102.26
17011,55.96
17012,153.46
17013,90.33
17014,57.89
17015,215.46
17016,86.47
17017,297.59
17018,102.75
17019,368.64
17020,242.36
17021,67.7
17022,98.48
17023,107.86
17024,238.46
17025,543.92
17026,57.27
17027,59.98
17028,93.25
17029,192
17030,176.8
17031,26.31
17032,53.77
17033,37.08
18001,1427.25
18002,504.8
18003,518.34
18004,1880.62
18005,2237.42
18006,493.01
18007,503.62
18008,503.75
18009,5142.44
18010,1840.64
18011,520.59
18012,1104.05
18013,515.68
18014,1091.4
18015,1728.98
18016,1044.78
18017,1635.11
18018,313.93
18019,4316.75
18020,771.35
19001,46.88
19002,980.87
19003,694.51
19004,190.45
19005,4539.21
19006,238.57
19007,2688.64
19008,466.71
19009,1140.87
19010,102.31
19011,1007.49
19012,146.06
19013,4265.71
19014,5053.66
19015,720.74
19016,614.7
19017,7068.29
19018,1032.08
19019,70.77
19020,1888.59
19021,150.99
19022,2478.84
19023,387.93
19024,1306.68
19025,184.47
19026,117.69
19027,496.55
19028,443.18
19029,127.79
19030,560.5
19031,247.3
19032,3428.04
19033,2509.21
19034,264.87
19035,207.8
19036,997.91
19037,3859.96
19038,1868.96
19039,324.79
19040,1171.24
19041,308.94
19042,1340.95
19043,683.05
19044,1541.46
19045,1659.96
19046,60.17
19047,170.59
19048,915.8
19049,739.22
19050,1764.95
19051,879.33
20001,126.36
20002,754.57
20003,76.31
20004,83.7
20005,658.85
20006,343.42
20007,4.28
20008,189.94
20009,157.53
20010,252.07
20011,67.68
20012,180.97
20013,10.27
20014,294.05
20015,119.36
20016,126.09
20017,104.17
20018,224.6
20019,173.62
20020,57.15
20021,112.15
20022,111.67
20023,49.8
20024,79.12
20025,22.67
20026,134.76
20027,35.99
20028,317.5
20029,35.82
20030,56.06
20031,111.97
20032,61.27
20033,4.28
20034,30.83
20035,4.51
20036,280.9
20037,174.72
20038,58.98
20039,325.82
20040,47.01
20041,147.97
20042,562.27
20043,911.3
20044,485.85
20045,26.99
20046,234.67
20047,26.77
20048,41.02
20049,10.33
20050,85.07
20051,39.35
20052,840.63
20053,124.39
20054,24.83
20055,144.2
20056,57.53
20057,1355.73
20058,182.19
20059,467.4
20060,67.71
20061,22.43
20062,2.21
20063,4.28
20064,504.44
20065,72.53
20066,547.58
20067,89.25
20068,119.83
20069,26.89
20070,67.37
20071,103.26
20072,108.44
20073,406.79
20074,38.44
20075,33.37
20076,186.59
20077,11.95
20078,12.46
20079,131.85
20080,55.59
20081,96.47
20082,150.97
20083,25.99
20084,55.14
20085,335.73
20086,51.4
20087,6.43
20088,257.68
20089,99.28
20090,87.63
20091,27.58
20092,28.81
20093,50.02
20094,64
20095,57.08
20096,22.61
20097,48.63
20098,145.51
20099,14.4
20100,40.94
20101,7.06
20102,69.38
20103,11.18
20104,105.28
20105,109.7
20106,16.48
20107,10.76
20108,191.39
20109,77.21
20110,29.24
20111,69.41
20112,92.18
20113,120.9
20114,30.33
20115,31.37
20116,57.41
20117,156.16
20118,23.88
20119,85.91
20120,8.74
20121,74.92
20122,93.39
20123,108.7
20124,208.21
20125,2304.57
20126,136.77
20127,31.79
20128,16.82
20129,53.09
20130,354.89
20131,310.37
20132,10.06
20133,109.22
20134,134.46
20135,99.37
20136,447.5
20137,280.33
20138,44.65
20139,62.45
20140,22.52
20141,678.07
20142,14.26
20143,212.62
20144,47.43
20145,11.25
20146,40.82
20147,22.61
20148,49.32
20149,107.05
20150,192.95
20151,86.27
20152,99.64
20153,178.42
20154,61.1
20155,38.72
20156,93.96
20157,4.16
20158,63.59
20159,583.74
20160,58.52
20161,220.09
20162,72.72
20163,17.82
20164,55.76
20165,21.82
20166,193.15
20167,28.49
20168,65.87
20169,53.93
20170,77.46
20171,257.87
20172,35.61
20173,134.2
20174,3.02
20175,421.57
20176,286.15
20177,496.4
20178,51.92
20179,114.4
20180,72.12
20181,93.29
20182,50.13
20183,88.67
20184,877.01
20185,202.59
20186,89.99
20187,66.11
20188,123.98
20189,98.6
20190,1382.49
20191,20.38
20192,5.19
20193,132.05
20194,71.34
20195,34.9
20196,16.59
20197,31.76
20198,796.97
20199,52.21
20200,316
20201,56.55
20202,209.48
20203,107.43
20204,106.28
20205,694.08
20206,119.51
20207,1627.51
20208,358.18
20209,75.45
20210,212.08
20211,206.67
20212,188.3
20213,203.88
20214,202.87
20215,14.56
20216,19.61
20217,359.6
20218,71
20219,41.27
20220,255.12
20221,87.01
20222,37.82
20223,29.11
20224,23.39
20225,58.59
20226,134.43
20227,27.6
20228,9.18
20229,137.39
20230,51.98
20231,101.6
20232,454.89
20233,51.78
20234,64.95
20235,288.99
20236,53.78
20237,127.89
20238,8.31
20239,42.77
20240,63.74
20241,10.74
20242,242.7
20243,24.23
20244,64.1
20245,43.34
20246,14.69
20247,37.15
20248,89.73
20249,7.12
20250,23.5
20251,63.97
20252,55.88
20253,161.78
20254,211.13
20255,141.56
20256,24.41
20257,34.08
20258,67.59
20259,86.14
20260,142.11
20261,179.23
20262,60.85
20263,123.46
20264,61.56
20265,1184.21
20266,519.28
20267,10.64
20268,10.75
20269,103.26
20270,64.97
20271,72.89
20272,144.19
20273,109.43
20274,65.48
20275,207.74
20276,19.82
20277,972.98
20278,743.49
20279,69.55
20280,61.07
20281,19.68
20282,205.55
20283,162.17
20284,71.06
20285,103.74
20286,55.57
20287,46.7
20288,39.2
20289,29.56
20290,11.35
20291,187.89
20292,119.6
20293,44.38
20294,101.49
20295,43.3
20296,149.59
20297,117.49
20298,280.44
20299,35.43
20300,121.45
20301,8.88
20302,74.35
20303,2.83
20304,94.68
20305,46.8
20306,74.47
20307,693.91
20308,26.5
20309,101.88
20310,23.17
20311,51.54
20312,85.15
20313,69.44
20314,58.24
20315,7.67
20316,121.03
20317,81.88
20318,325.12
20319,154.64
20320,26.4
20321,109.6
20322,6.6
20323,42.11
20324,444.94
20325,564.14
20326,152.23
20327,993.73
20328,98.39
20329,93
20330,148.66
20331,45.95
20332,32.82
20333,401.77
20334,1215.53
20335,28.14
20336,165.37
20337,171.68
20338,8.45
20339,178.78
20340,180.24
20341,29.82
20342,8.22
20343,15.36
20344,206.91
20345,98.28
20346,44.07
20347,106.18
20348,230.94
20349,30.48
20350,7.11
20351,50.78
20352,46.09
20353,54.75
20354,15.03
20355,41.27
20356,27.88
20357,172.35
20358,46.67
20359,46.37
20360,26.8
20361,51.19
20362,25.57
20363,220.07
20364,637.8
20365,101.1
20366,126.61
20367,51.21
20368,36.33
20369,20.68
20370,38.59
20371,29.78
20372,38.28
20373,118.33
20374,7.1
20375,2.27
20376,18.38
20377,564.03
20378,46.86
20379,43.56
20380,14.77
20381,27.55
20382,47.42
20383,21.78
20384,56.89
20385,43.86
20386,483.79
20387,30.37
20388,49.1
20389,2.41
20390,10.14
20391,69.97
20392,159.34
20393,11.67
20394,98.53
20395,80.51
20396,7.59
20397,346.5
20398,104.42
20399,31.32
20400,95.15
20401,414.39
20402,81.34
20403,6.54
20404,61.82
20405,174.94
20406,283.55
20407,4547.03
20408,25.21
20409,16.77
20410,540.25
20411,7.38
20412,389.26
20413,511.98
20414,275.34
20415,167.37
20416,177.29
20417,324.28
20418,729.56
20419,53.9
20420,49.64
20421,147.81
20422,43.09
20423,76.82
20424,145.29
20425,55.79
20426,233.21
20427,155.46
20428,160.73
20429,52.04
20430,37.06
20431,371.28
20432,13.19
20433,34.72
20434,36.73
20435,84.47
20436,35.45
20437,153.06
20438,24.13
20439,520.73
20440,114
20441,86.1
20442,48.25
20443,87.6
20444,17.92
20445,33.59
20446,73.02
20447,500.82
20448,157.53
20449,415.7
20450,207.28
20451,85.81
20452,17.61
20453,185.99
20454,70.81
20455,89.84
20456,38.7
20457,312.09
20458,204.11
20459,325.05
20460,311.08
20461,38.42
20462,110.68
20463,100.76
20464,46.17
20465,122.08
20466,456.05
20467,637.89
20468,618.84
20469,774.14
20470,432.97
20471,25.61
20472,263.08
20473,117.28
20474,110.38
20475,183.82
20476,51.75
20477,198.17
20478,204.46
20479,20.45
20480,71.33
20481,58.08
20482,804.52
20483,95.47
20484,201.15
20485,128.8
20486,141.49
20487,109.14
20488,13.58
20489,290.88
20490,16.6
20491,251.88
20492,247.75
20493,17.07
20494,63.09
20495,137.16
20496,63.31
20497,40.95
20498,1024.22
20499,66.92
20500,334.13
20501,50.15
20502,213.01
20503,8.21
20504,100.65
20505,199.19
20506,43.58
20507,143.7
20508,71.06
20509,105.32
20510,16.5
20511,146.29
20512,64.16
20513,339.66
20514,56.25
20515,1197.77
20516,224.5
20517,113.55
20518,11.88
20519,30.54
20520,165.72
20521,26.53
20522,56.45
20523,69.64
20524,36.43
20525,646.24
20526,226.11
20527,83.42
20528,52.98
20529,60.9
20530,70.12
20531,44
20532,80.05
20533,66.58
20534,106
20535,136.45
20536,71.38
20537,431.59
20538,18.22
20539,12.47
20540,143.92
20541,22.47
20542,10.76
20543,220.32
20544,133.09
20545,143.95
20546,107.86
20547,45.81
20548,574.17
20549,486.63
20550,36.9
20551,135.71
20552,55.87
20553,81.49
20554,266.72
20555,21.31
20556,10.81
20557,112.79
20558,54.71
20559,684.42
20560,283.32
20561,59.99
20562,39.03
20563,65.69
20564,64.08
20565,81.42
20566,197.77
20567,305.43
20568,43.83
20569,83.77
20570,353.73
21001,176.88
21002,180.82
21003,608.55
21004,140.56
21005,75.13
21006,91.23
21007,185.03
21008,60.74
21009,72.25
21010,393.88
21011,79.38
21012,52.29
21013,47.15
21014,44.63
21015,135.13
21016,166.81
21017,48.2
21018,331.62
21019,293.21
21020,26.94
21021,11.34
21022,129.8
21023,133.03
21024,188.17
21025,106.73
21026,66.91
21027,392.79
21028,16.17
21029,13.99
21030,12.26
21031,115.1
21032,240.65
21033,47.46
21034,36.74
21035,249.25
21036,228.66
21037,133.74
21038,23.31
21039,61.34
21040,160.27
21041,38.17
21042,198.85
21043,181.69
21044,301.26
21045,389.76
21046,87.14
21047,804.18
21048,81.08
21049,89.61
21050,109.39
21051,325.51
21052,25.94
21053,759.68
21054,148.25
21055,128.79
21056,141.13
21057,63.75
21058,145.91
21059,88.5
21060,12.05
21061,99.57
21062,52.15
21063,79.27
21064,428.86
21065,91.52
21066,155
21067,228.08
21068,50.5
21069,231.36
21070,168.41
21071,250.95
21072,47.69
21073,138.14
21074,177
21075,74.78
21076,319.11
21077,42.13
21078,69.58
21079,50.57
21080,12.43
21081,308.3
21082,106.75
21083,561.2
21084,19.65
21085,537.05
21086,205.96
21087,601.41
21088,29.99
21089,170.34
21090,22.3
21091,22.98
21092,225.09
21093,180.34
21094,274.14
21095,11.25
21096,54.72
21097,9.51
21098,156.66
21099,244.6
21100,61.09
21101,27.78
21102,18.88
21103,108.41
21104,167.5
21105,67.17
21106,119.8
21107,62.96
21108,239.58
21109,98.46
21110,362.27
21111,217.11
21112,232.86
21113,221.18
21114,547.21
21115,186.83
21116,167.17
21117,4.11
21118,30.73
21119,58.63
21120,80.04
21121,133.02
21122,39.39
21123,45.14
21124,109.28
21125,11.78
21126,39.83
21127,142.97
21128,177.02
21129,335.32
21130,96.25
21131,24.74
21132,89.56
21133,7.25
21134,50.73
21135,72.78
21136,8.32
21137,210.55
21138,162.15
21139,96.88
21140,76.95
21141,175.08
21142,220.29
21143,110.93
21144,23.84
21145,236.75
21146,47.59
21147,286.29
21148,32.78
21149,94
21150,180.36
21151,19.41
21152,115.01
21153,175.67
21154,180.41
21155,145.25
21156,552.99
21157,491.7
21158,140.28
21159,248.73
21160,136.7
21161,224.78
21162,28.73
21163,61.32
21164,217.52
21165,29.56
21166,132.26
21167,70.91
21168,116.21
21169,392.05
21170,450.62
21171,15.64
21172,328.58
21173,9.8
21174,92.52
21175,133.25
21176,83.63
21177,398.49
21178,173.32
21179,421.31
21180,313.85
21181,21.49
21182,14.91
21183,142.97
21184,63.34
21185,83.78
21186,293.98
21187,54.79
21188,218.96
21189,101.88
21190,155.41
21191,277.77
21192,41.92
21193,278.82
21194,316.49
21195,261.28
21196,60.33
21197,312.59
21198,204.65
21199,146.05
21200,59.74
21201,46.57
21202,78.25
21203,163.62
21204,29.61
21205,125.68
21206,247.74
21207,176.99
21208,489.2
21209,429.32
21210,20.34
21211,30.87
21212,266.71
21213,176.16
21214,62.85
21215,36.51
21216,19.15
21217,269.34
22001,713.33
22002,712.05
22003,732.12
22004,1347.71
22005,810.26
22006,234.87
22007,300.23
22008,388.13
22009,1186.25
22010,727.67
22011,746.37
22012,323.21
22013,694.95
22014,684.01
22015,276.92
22016,770.92
22017,369.61
22018,680.67
23001,488.03
23002,13432.43
23003,953.36
23004,15955.27
23005,2101.2
23006,4664.06
23007,3335.24
23008,1799.96
23009,2055.31
24001,775.49
24002,586.23
24003,794.27
24004,623.37
24005,390.5
24006,1944.95
24007,1169.35
24008,962.41
24009,122.56
24010,3150.38
24011,518.33
24012,137.34
24013,2423.55
24014,90.17
24015,2156.69
24016,698.48
24017,3745.86
24018,71.42
24019,535.98
24020,1301.64
24021,877.11
24022,1291.76
24023,786.22
24024,3063.96
24025,1729.85
24026,94.75
24027,639.2
24028,1482.44
24029,413.05
24030,692.39
24031,640.17
24032,1701
24033,4322.62
24034,518.74
24035,305.38
24036,1322.96
24037,353.03
24038,187.14
24039,262.66
24040,1843.34
24041,374.74
24042,143.41
24043,478.65
24044,2799.46
24045,1300.94
24046,877.93
24047,1912.6
24048,143.85
24049,2492.22
24050,1019.86
24051,1496.28
24052,640.05
24053,192.41
24054,398.31
24055,614.23
24056,586.52
24057,117.14
24058,821.27
25001,3995.41
25002,1905.01
25003,4836.33
25004,2167.26
25005,2172.04
25006,6304.99
25007,3214.65
25008,1643.35
25009,1554.63
25010,4169.78
25011,2938.15
25012,2532.62
25013,2800.56
25014,2634.68
25015,773.6
25016,5070.13
25017,6325.76
25018,2330.7
26001,368.16
26002,3946.4
26003,6422.75
26004,4457.68
26005,726.31
26006,3071.96
26007,300.43
26008,1065.99
26009,1128.94
26010,1344.6
26011,1230.95
26012,1583.37
26013,808.08
26014,842.53
26015,1721.67
26016,1412.2
26017,10671.64
26018,4876.37
26019,2316.19
26020,2581.81
26021,4122.09
26022,1577.89
26023,2010.05
26024,385.7
26025,593.13
26026,948.9
26027,2616.35
26028,363.89
26029,7950.73
26030,16955.14
26031,1197.56
26032,821.74
26033,1905.69
26034,420.82
26035,2170.01
26036,1239.42
26037,683.01
26038,1877.54
26039,1238.39
26040,2832.66
26041,1735.76
26042,2808.72
26043,1756.57
26044,534.16
26045,2224.27
26046,916.38
26047,9819.95
26048,6193.29
26049,3780.56
26050,879.05
26051,3519.77
26052,5003.75
26053,151.34
26054,535.93
26055,8877.09
26056,1115.65
26057,2229.53
26058,1476.58
26059,1001.2
26060,1353.58
26061,1716.76
26062,914.79
26063,778.66
26064,3010.44
26065,1725.42
26066,3088.06
26067,1471.49
26068,1123.24
26069,2667.68
26070,3656.67
26071,369.1
26072,1383.57
27001,3577.37
27002,2049.09
27003,2693.35
27004,1717.88
27005,768.24
27006,598.67
27007,592.31
27008,3717.7
27009,592.35
27010,369.65
27011,1644.93
27012,2429.07
27013,535.17
27014,408.04
27015,734.6
27016,420.81
27017,1882.35
28001,1858.86
28002,3819.36
28003,1661.92
28004,582.13
28005,1905.04
28006,1450.17
28007,930.43
28008,3014.03
28009,48.45
28010,1889.44
28011,730.31
28012,3242.56
28013,1209.35
28014,2441.56
28015,432.49
28016,2136.09
28017,2663.37
28018,1669.62
28019,2568.54
28020,364.23
28021,1637.33
28022,4633.09
28023,2533.1
28024,922.91
28025,638.87
28026,885.33
28027,1224.03
28028,303.02
28029,1477.14
28030,1358.94
28031,479.99
28032,3146.93
28033,1583.7
28034,2915.08
28035,6918.75
28036,544.66
28037,6715.56
28038,114.5
28039,3075.95
28040,899.93
28041,1463.56
28042,1288.25
28043,870.73
29001,11.39
29002,11.62
29003,108.16
29004,188.18
29005,43.87
29006,253.95
29007,58.43
29008,84.26
29009,16.67
29010,77.22
29011,36.38
29012,139.69
29013,348.8
29014,175.99
29015,161.49
29016,44.4
29017,14.64
29018,26.15
29019,23.11
29020,99.24
29021,108.23
29022,15
29023,52.5
29024,60.95
29025,58.93
29026,25.89
29027,12.09
29028,76.28
29029,16.45
29030,154.67
29031,169.81
29032,26.14
29033,52.25
29034,575.48
29035,14.25
29036,13.81
29037,77.09
29038,38.41
29039,41.51
29040,102.81
29041,24.4
29042,7.32
29043,36.79
29044,29.5
29045,25.61
29046,49.9
29047,25.44
29048,11.69
29049,10.21
29050,39.86
29051,7.79
29052,35.99
29053,4.49
29054,4.5
29055,28.8
29056,9.2
29057,7.97
29058,10.09
29059,5.43
29060,6.04
30001,97.5
30002,18.2
30003,655.69
30004,859.42
30005,194.95
30006,168.31
30007,124.07
30008,70.88
30009,648.24
30010,328.46
30011,827
30012,135.08
30013,135.95
30014,151.37
30015,430.55
30016,131.32
30017,67.66
30018,20.69
30019,29.84
30020,62.08
30021,122.69
30022,65.37
30023,518.07
30024,277.8
30025,173.02
30026,19.83
30027,232.92
30028,38
30029,134.08
30030,20.9
30031,249.66
30032,659.12
30033,272.32
30034,91
30035,81.32
30036,43.94
30037,41.76
30038,202.8
30039,312.08
30040,277.57
30041,9.44
30042,130.41
30043,310.92
30044,159.65
30045,517.95
30046,76.6
30047,158.01
30048,277.05
30049,537.68
30050,80.43
30051,234.05
30052,34.69
30053,149.62
30054,290.42
30055,151.97
30056,92.65
30057,133.79
30058,936.42
30059,174.43
30060,140.21
30061,3508.92
30062,44.2
30063,390.42
30064,22.99
30065,415.6
30066,240.74
30067,43.29
30068,61.59
30069,179.46
30070,1065.18
30071,202.44
30072,522.28
30073,709.95
30074,18.72
30075,396.92
30076,155.33
30077,926.96
30078,176.85
30079,149.73
30080,129.89
30081,52.38
30082,156.72
30083,672.4
30084,347.23
30085,137.19
30086,207.88
30087,124.4
30088,72.72
30089,316.81
30090,132.14
30091,1413.02
30092,179.03
30093,56.27
30094,992.11
30095,187.82
30096,17.68
30097,83.98
30098,13.75
30099,110.65
30100,247.25
30101,69.44
30102,402.48
30103,43.62
30104,296.44
30105,397.29
30106,29.48
30107,51.01
30108,2117.89
30109,523.4
30110,66.17
30111,249.67
30112,108.41
30113,18.54
30114,355.57
30115,64.44
30116,78.02
30117,213.84
30118,27.7
30119,49.84
30120,22.32
30121,2391.49
30122,311.65
30123,3168.15
30124,1456.32
30125,400.79
30126,388.03
30127,137.88
30128,609.07
30129,244.82
30130,1192.73
30131,64.35
30132,99.79
30133,288.65
30134,384.1
30135,26.6
30136,11.51
30137,33.71
30138,15.24
30139,108.49
30140,21.89
30141,956.79
30142,1261.67
30143,618.07
30144,662.47
30145,96.27
30146,16.34
30147,115.41
30148,415.71
30149,479.75
30150,399.94
30151,1018.22
30152,874.76
30153,156.19
30154,333.6
30155,1302.3
30156,91.67
30157,272.44
30158,531.06
30159,87.93
30160,1277.09
30161,1152.39
30162,65.08
30163,86.8
30164,60.8
30165,60.04
30166,95.46
30167,227.32
30168,100.05
30169,535.42
30170,195.25
30171,44.02
30172,449.03
30173,522.47
30174,1517.86
30175,718.35
30176,102.72
30177,133.46
30178,578.57
30179,65.31
30180,225.81
30181,917.89
30182,36.71
30183,168.05
30184,56.5
30185,11.2
30186,18.85
30187,50.23
30188,98.05
30189,964.36
30190,56.16
30191,124.17
30192,338.61
30193,247.03
30194,51.43
30195,37.28
30196,88.82
30197,112.46
30198,263.67
30199,21.7
30200,178.05
30201,282.07
30202,241.82
30203,68.94
30204,372.29
30205,391.15
30206,28.16
30207,547.66
30208,245.34
30209,295.03
30210,1906.33
30211,291.85
30212,399.1
31001,292.69
31002,137.25
31003,76.46
31004,108.47
31005,71.71
31006,654.34
31007,101.47
31008,290.75
31009,128.81
31010,356.26
31011,602.87
31012,542.54
31013,63.34
31014,135.9
31015,93.48
31016,114.65
31017,443.49
31018,169.41
31019,1398.49
31020,44.27
31021,469.96
31022,473.8
31023,292.86
31024,83.84
31025,79.91
31026,174.11
31027,207.53
31028,432.25
31029,506.47
31030,309.56
31031,133.41
31032,735.28
31033,586.31
31034,94.91
31035,120.65
31036,199.81
31037,197.57
31038,839.64
31039,136.76
31040,458.75
31041,102.49
31042,199.68
31043,137.35
31044,355.84
31045,157.74
31046,100.43
31047,126.55
31048,910.84
31049,93.62
31050,882.71
31051,47.22
31052,320.6
31053,397.34
31054,71.64
31055,259.39
31056,863.16
31057,665.27
31058,1055.04
31059,771.83
31060,103.46
31061,337.56
31062,198.78
31063,160.64
31064,26.16
31065,452.11
31066,513.82
31067,178.12
31068,134.27
31069,545.94
31070,307.22
31071,221.56
31072,87.91
31073,241.41
31074,102.49
31075,224.61
31076,367.53
31077,199.62
31078,79.79
31079,2768.42
31080,280.98
31081,273.13
31082,57.95
31083,65.17
31084,337.57
31085,706.56
31086,108.7
31087,336.86
31088,77.86
31089,339.92
31090,134.57
31091,470.52
31092,502.37
31093,172.27
31094,230.21
31095,70.9
31096,3884.85
31097,413.23
31098,765.59
31099,187.67
31100,130.81
31101,349.58
31102,1077.33
31103,110.77
31104,1474.23
31105,49.5
31106,131.77
32001,292.84
32002,202.49
32003,281.23
32004,328.82
32005,387.44
32006,449.47
32007,2418.24
32008,324.38
32009,900.9
32010,5092.47
32011,307.11
32012,794.78
32013,197.71
32014,5023.01
32015,353.58
32016,442.07
32017,817.02
32018,372.3
32019,717.87
32020,1543.36
32021,1201.89
32022,623.59
32023,338.58
32024,429.12
32025,176.88
32026,12116.57
32027,1881.41
32028,486.49
32029,1105.83
32030,161.81
32031,1608.04
32032,180.92
32033,540.25
32034,877.65
32035,408.48
32036,644.81
32037,586.13
32038,3168.84
32039,1838.7
32040,1414.98
32041,623.86
32042,3602.17
32043,199.6
32044,410.19
32045,544.44
32046,724.53
32047,679.47
32048,745.96
32049,5708.36
32050,159.97
32051,6578.42
32052,341.74
32053,431.94
32054,375.36
32055,2179.16
32056,441.52
32057,220.81
32058,278.35
