K_ENTIDAD_MUNICIPIO,K_ENTIDAD,K_MUNICIPIO,VALUE
01001,01,001,1.66
01002,01,002,0.10
01003,01,003,0.60
01004,01,004,0.11
01005,01,005,1.32
01006,01,006,0.82
01007,01,007,0.41
01008,01,008,0.37
01009,01,009,0.00
01010,01,010,-0.23
01011,01,011,0.69
02001,02,001,1.80
02002,02,002,1.85
02003,02,003,1.73
02004,02,004,1.93
02005,02,005,1.76
03001,03,001,1.10
03002,03,002,1.38
03003,03,003,2.10
03008,03,008,1.63
03009,03,009,1.62
04001,04,001,0.53
04002,04,002,1.56
04003,04,003,1.66
04004,04,004,0.48
04005,04,005,0.18
04006,04,006,-0.09
04007,04,007,0.27
04008,04,008,0.71
04009,04,009,0.15
04010,04,010,-0.50
04011,04,011,-0.32
05001,05,001,0.30
05002,05,002,0.78
05003,05,003,1.32
05004,05,004,0.47
05005,05,005,0.63
05006,05,006,0.72
05007,05,007,0.53
05008,05,008,0.31
05009,05,009,0.23
05010,05,010,1.24
05011,05,011,0.13
05012,05,012,0.44
05013,05,013,0.06
05014,05,014,-0.04
05015,05,015,0.48
05016,05,016,0.42
05017,05,017,0.31
05018,05,018,1.82
05019,05,019,1.19
05020,05,020,1.22
05021,05,021,0.10
05022,05,022,1.24
05023,05,023,0.51
05024,05,024,0.67
05025,05,025,1.36
05026,05,026,0.71
05027,05,027,1.32
05028,05,028,1.70
05029,05,029,0.45
05030,05,030,1.70
05031,05,031,1.06
05032,05,032,1.63
05033,05,033,0.35
05034,05,034,0.48
05035,05,035,1.60
05036,05,036,-0.31
05037,05,037,0.61
05038,05,038,0.96
06001,06,001,0.53
06002,06,002,1.88
06003,06,003,0.74
06004,06,004,0.77
06005,06,005,1.09
06006,06,006,0.05
06007,06,007,1.49
06008,06,008,0.45
06009,06,009,0.68
06010,06,010,1.95
07100,07,100,-1.31
07101,07,101,1.34
07102,07,102,-0.21
07103,07,103,-0.32
07104,07,104,-0.50
07105,07,105,-0.34
07106,07,106,-0.74
07107,07,107,-0.23
07108,07,108,-0.13
07109,07,109,-0.35
07110,07,110,-1.16
07111,07,111,-1.10
07112,07,112,-1.33
07113,07,113,-1.34
07114,07,114,-0.18
07115,07,115,-1.13
07116,07,116,-0.89
07117,07,117,-0.84
07118,07,118,-1.42
07119,07,119,-1.16
07001,07,001,-0.29
07002,07,002,-0.51
07003,07,003,-0.36
07004,07,004,-1.05
07005,07,005,-1.24
07006,07,006,-0.39
07007,07,007,-1.26
07008,07,008,-0.71
07009,07,009,0.17
07010,07,010,-1.06
07011,07,011,-0.93
07012,07,012,0.04
07013,07,013,-0.59
07014,07,014,-0.84
07015,07,015,-0.43
07016,07,016,-0.17
07017,07,017,-0.12
07018,07,018,-0.86
07019,07,019,-0.06
07020,07,020,-0.55
07021,07,021,-0.77
07022,07,022,-1.39
07023,07,023,-1.15
07024,07,024,-1.30
07025,07,025,-1.09
07026,07,026,-1.20
07027,07,027,0.17
07028,07,028,-0.76
07029,07,029,-0.19
07030,07,030,-0.70
07031,07,031,-1.20
07032,07,032,-0.41
07033,07,033,-1.19
07034,07,034,-0.43
07035,07,035,-0.60
07036,07,036,-0.58
07037,07,037,-0.41
07038,07,038,-1.18
07039,07,039,-1.27
07040,07,040,-0.09
07041,07,041,-0.71
07042,07,042,-0.71
07043,07,043,-0.47
07044,07,044,-0.66
07045,07,045,-0.96
07046,07,046,-0.37
07047,07,047,-0.90
07048,07,048,0.36
07049,07,049,-0.99
07050,07,050,-0.25
07051,07,051,-0.09
07052,07,052,-0.96
07053,07,053,-0.62
07054,07,054,-0.53
07055,07,055,-0.12
07056,07,056,-1.40
07057,07,057,-0.62
07058,07,058,-1.29
07059,07,059,-0.82
07060,07,060,-1.26
07061,07,061,-0.44
07062,07,062,-0.02
07063,07,063,-0.32
07064,07,064,-1.37
07065,07,065,-0.45
07066,07,066,-1.16
07067,07,067,-1.00
07068,07,068,0.23
07069,07,069,-0.09
07070,07,070,-1.21
07071,07,071,-0.61
07072,07,072,-0.77
07073,07,073,-0.66
07074,07,074,0.51
07075,07,075,-0.72
07076,07,076,-1.36
07077,07,077,-0.97
07078,07,078,0.27
07079,07,079,-0.09
07080,07,080,-1.06
07081,07,081,-0.99
07082,07,082,-1.27
07083,07,083,-0.70
07084,07,084,-0.64
07085,07,085,-0.58
07086,07,086,-0.21
07087,07,087,-0.42
07088,07,088,-0.76
07089,07,089,0.43
07090,07,090,-1.19
07091,07,091,-0.25
07092,07,092,-0.63
07093,07,093,-1.19
07094,07,094,-0.67
07096,07,096,-1.13
07097,07,097,0.06
07098,07,098,-1.15
07099,07,099,-0.65
08001,08,001,0.89
08002,08,002,1.00
08003,08,003,0.75
08004,08,004,0.20
08005,08,005,0.51
08006,08,006,0.37
08007,08,007,-0.47
08008,08,008,-1.14
08009,08,009,-0.11
08011,08,011,1.09
08013,08,013,0.58
08014,08,014,0.21
08015,08,015,0.14
08016,08,016,0.34
08017,08,017,1.31
08018,08,018,0.20
08019,08,019,2.07
08020,08,020,-0.36
08021,08,021,1.46
08022,08,022,0.48
08023,08,023,0.71
08025,08,025,0.67
08026,08,026,0.53
08027,08,027,-0.57
08028,08,028,-0.17
08029,08,029,-0.58
08030,08,030,-0.28
08031,08,031,0.46
08032,08,032,1.71
08033,08,033,0.02
08034,08,034,0.60
08035,08,035,0.46
08036,08,036,0.83
08037,08,037,1.30
08038,08,038,0.56
08039,08,039,0.79
08040,08,040,0.45
08041,08,041,-0.79
08042,08,042,-0.57
08043,08,043,0.20
08044,08,044,0.53
08045,08,045,0.98
08046,08,046,-0.92
08047,08,047,-0.35
08048,08,048,0.55
08049,08,049,-0.11
08050,08,050,1.28
08051,08,051,0.13
08052,08,052,1.13
08053,08,053,-0.35
08054,08,054,0.31
08055,08,055,0.40
08056,08,056,0.39
08057,08,057,0.20
08058,08,058,0.52
08059,08,059,1.18
08060,08,060,1.20
08061,08,061,0.36
08062,08,062,1.07
08064,08,064,0.15
08066,08,066,-0.74
08067,08,067,0.19
09002,09,002,2.41
09003,09,003,2.93
09004,09,004,2.72
09005,09,005,2.08
09006,09,006,2.39
09007,09,007,1.77
09008,09,008,2.15
09009,09,009,0.81
09010,09,010,2.53
09011,09,011,1.73
09012,09,012,2.41
09013,09,013,1.77
09014,09,014,3.53
09015,09,015,2.69
09016,09,016,3.25
09017,09,017,2.29
10001,10,001,0.34
10002,10,002,-0.53
10003,10,003,0.30
10004,10,004,0.53
10005,10,005,1.49
10006,10,006,0.13
10007,10,007,0.87
10008,10,008,0.85
10009,10,009,-0.14
10010,10,010,0.37
10011,10,011,0.46
10012,10,012,0.87
10013,10,013,0.24
10014,10,014,-1.15
10015,10,015,0.43
10016,10,016,0.15
10017,10,017,0.54
10018,10,018,0.91
10019,10,019,-0.61
10020,10,020,0.47
10021,10,021,0.21
10022,10,022,0.31
10023,10,023,0.05
10024,10,024,0.49
10025,10,025,-0.13
10026,10,026,-0.37
10027,10,027,-0.02
10028,10,028,0.33
10029,10,029,0.56
10030,10,030,0.08
10031,10,031,0.05
10032,10,032,0.50
10033,10,033,-0.10
10034,10,034,-0.38
10035,10,035,0.18
10036,10,036,-0.01
10037,10,037,-0.17
10038,10,038,0.36
10039,10,039,0.57
11001,11,001,-0.07
11002,11,002,0.52
11003,11,003,0.96
11004,11,004,0.42
11005,11,005,0.33
11006,11,006,-1.00
11007,11,007,1.41
11008,11,008,0.25
11009,11,009,-0.09
11010,11,010,-0.25
11011,11,011,0.55
11012,11,012,0.15
11013,11,013,-0.21
11014,11,014,0.46
11015,11,015,1.39
11016,11,016,0.01
11017,11,017,1.06
11018,11,018,0.00
11019,11,019,-0.34
11020,11,020,1.31
11021,11,021,1.01
11022,11,022,0.13
11023,11,023,0.17
11024,11,024,0.17
11025,11,025,0.48
11026,11,026,-0.11
11027,11,027,1.19
11028,11,028,0.34
11029,11,029,-0.17
11030,11,030,0.10
11031,11,031,0.82
11032,11,032,0.50
11033,11,033,0.27
11034,11,034,-0.22
11035,11,035,0.08
11036,11,036,0.13
11037,11,037,0.25
11038,11,038,0.18
11039,11,039,0.06
11040,11,040,-0.52
11041,11,041,0.55
11042,11,042,0.20
11043,11,043,-0.36
11044,11,044,0.41
11045,11,045,-0.75
11046,11,046,0.13
12001,12,001,0.93
12002,12,002,-0.58
12003,12,003,-0.35
12004,12,004,-0.87
12005,12,005,-0.05
12006,12,006,0.02
12007,12,007,0.59
12008,12,008,-0.22
12009,12,009,-1.41
12010,12,010,-1.30
12011,12,011,-0.05
12012,12,012,-0.46
12013,12,013,-0.22
12014,12,014,0.33
12015,12,015,0.61
12016,12,016,-0.34
12017,12,017,0.18
12018,12,018,0.12
12019,12,019,-0.97
12020,12,020,-1.02
12021,12,021,-0.10
12022,12,022,-0.02
12023,12,023,0.04
12024,12,024,-0.75
12025,12,025,-0.59
12026,12,026,-0.71
12027,12,027,-0.03
12028,12,028,-0.50
12029,12,029,1.32
12030,12,030,0.06
12031,12,031,-0.55
12032,12,032,-0.75
12033,12,033,0.18
12034,12,034,0.24
12035,12,035,1.15
12036,12,036,-0.45
12037,12,037,-0.44
12038,12,038,0.81
12039,12,039,0.18
12040,12,040,-0.39
12041,12,041,-1.27
12042,12,042,-0.51
12043,12,043,-1.41
12044,12,044,-0.02
12045,12,045,-0.41
12046,12,046,-0.19
12047,12,047,-0.79
12048,12,048,0.41
12049,12,049,-0.10
12050,12,050,0.78
12051,12,051,-0.41
12052,12,052,-0.75
12053,12,053,-0.23
12054,12,054,-0.72
12055,12,055,0.60
12056,12,056,-0.59
12057,12,057,0.38
12058,12,058,0.10
12059,12,059,0.23
12060,12,060,-0.57
12061,12,061,0.27
12062,12,062,-0.63
12063,12,063,-1.36
12064,12,064,0.65
12065,12,065,-0.20
12066,12,066,0.03
12067,12,067,0.41
12068,12,068,0.06
12069,12,069,-0.79
12070,12,070,-0.01
12071,12,071,-0.76
12072,12,072,-1.29
12073,12,073,-0.32
12074,12,074,-0.78
12075,12,075,0.27
12076,12,076,-1.42
12077,12,077,0.11
12078,12,078,-1.43
12079,12,079,-1.35
12080,12,080,-0.17
12081,12,081,-1.12
13001,13,001,0.10
13002,13,002,-0.43
13003,13,003,0.53
13004,13,004,-0.49
13005,13,005,0.08
13006,13,006,-0.42
13007,13,007,0.00
13008,13,008,0.63
13009,13,009,0.15
13010,13,010,0.84
13011,13,011,-0.30
13012,13,012,0.21
13013,13,013,0.12
13014,13,014,-0.48
13015,13,015,-0.38
13016,13,016,0.26
13017,13,017,-0.49
13018,13,018,-0.10
13019,13,019,-0.34
13020,13,020,-0.26
13021,13,021,0.84
13022,13,022,0.43
13023,13,023,0.50
13024,13,024,-0.12
13025,13,025,-0.59
13026,13,026,-0.71
13027,13,027,-0.84
13028,13,028,0.21
13029,13,029,0.20
13030,13,030,0.32
13031,13,031,0.18
13032,13,032,-0.06
13033,13,033,-0.49
13034,13,034,-0.42
13035,13,035,-0.10
13036,13,036,-0.04
13037,13,037,-0.20
13038,13,038,0.00
13039,13,039,1.17
13040,13,040,-0.32
13041,13,041,0.42
13042,13,042,0.04
13043,13,043,-0.93
13044,13,044,-0.28
13045,13,045,0.02
13046,13,046,-0.15
13047,13,047,-0.57
13048,13,048,1.84
13049,13,049,-0.47
13050,13,050,0.82
13051,13,051,1.66
13052,13,052,0.56
13053,13,053,-0.62
13054,13,054,-0.11
13055,13,055,-0.15
13056,13,056,0.87
13057,13,057,-0.14
13058,13,058,-0.19
13059,13,059,-0.21
13060,13,060,-0.13
13061,13,061,1.14
13062,13,062,-0.58
13063,13,063,0.51
13064,13,064,-0.15
13065,13,065,0.08
13066,13,066,0.26
13067,13,067,-0.27
13068,13,068,-0.72
13069,13,069,0.69
13070,13,070,0.29
13071,13,071,-0.48
13072,13,072,1.03
13073,13,073,-0.56
13074,13,074,0.04
13075,13,075,0.18
13076,13,076,1.13
13077,13,077,1.08
13078,13,078,-0.87
13079,13,079,-0.45
13080,13,080,-0.61
13081,13,081,0.40
13082,13,082,0.26
13083,13,083,0.52
13084,13,084,0.03
14100,14,100,0.66
14101,14,101,1.30
14102,14,102,1.18
14103,14,103,0.79
14104,14,104,0.84
14105,14,105,0.80
14106,14,106,-0.01
14107,14,107,0.80
14108,14,108,0.88
14109,14,109,0.48
14110,14,110,1.19
14111,14,111,1.41
14112,14,112,1.47
14113,14,113,0.51
14114,14,114,0.98
14115,14,115,0.61
14116,14,116,1.11
14117,14,117,0.65
14118,14,118,0.61
14119,14,119,1.00
14120,14,120,2.21
14121,14,121,1.03
14122,14,122,-0.10
14123,14,123,0.31
14124,14,124,0.64
14125,14,125,0.84
14001,14,001,0.86
14002,14,002,1.13
14003,14,003,1.44
14004,14,004,1.00
14005,14,005,0.86
14006,14,006,1.40
14007,14,007,0.77
14008,14,008,1.07
14009,14,009,0.81
14010,14,010,0.24
14011,14,011,0.24
14012,14,012,0.71
14013,14,013,0.84
14014,14,014,0.61
14015,14,015,1.45
14016,14,016,0.62
14017,14,017,0.61
14018,14,018,1.02
14019,14,019,-0.27
14020,14,020,0.46
14021,14,021,0.81
14022,14,022,1.07
14023,14,023,1.79
14024,14,024,0.89
14025,14,025,1.35
14026,14,026,1.29
14027,14,027,-0.43
14028,14,028,0.84
14029,14,029,0.12
14030,14,030,1.54
14031,14,031,-0.25
14032,14,032,0.36
14033,14,033,0.82
14034,14,034,0.80
14035,14,035,0.72
14036,14,036,1.20
14037,14,037,1.48
14038,14,038,0.71
14039,14,039,2.17
14040,14,040,0.32
14041,14,041,0.77
14042,14,042,0.53
14043,14,043,1.07
14044,14,044,0.31
14045,14,045,0.39
14046,14,046,1.08
14047,14,047,1.16
14048,14,048,0.97
14049,14,049,0.29
14050,14,050,1.02
14051,14,051,0.64
14052,14,052,0.85
14053,14,053,1.06
14054,14,054,1.26
14055,14,055,0.84
14056,14,056,0.07
14057,14,057,1.42
14058,14,058,1.52
14059,14,059,1.10
14060,14,060,0.43
14061,14,061,-0.60
14062,14,062,0.57
14063,14,063,1.59
14064,14,064,0.40
14065,14,065,0.49
14066,14,066,0.62
14067,14,067,1.94
14068,14,068,0.36
14069,14,069,0.52
14070,14,070,0.58
14071,14,071,0.09
14072,14,072,0.37
14073,14,073,1.03
14074,14,074,1.50
14075,14,075,0.85
14076,14,076,0.23
14077,14,077,0.77
14078,14,078,1.28
14079,14,079,0.57
14080,14,080,0.52
14081,14,081,0.55
14082,14,082,1.68
14083,14,083,1.33
14084,14,084,0.90
14085,14,085,1.55
14086,14,086,0.62
14087,14,087,0.91
14088,14,088,0.81
14089,14,089,0.66
14090,14,090,0.79
14091,14,091,0.66
14092,14,092,0.56
14093,14,093,1.74
14094,14,094,1.13
14095,14,095,1.29
14096,14,096,0.95
14097,14,097,1.25
14098,14,098,1.39
14099,14,099,0.22
15100,15,100,0.13
15101,15,101,0.27
15102,15,102,-0.26
15103,15,103,0.99
15104,15,104,1.98
15105,15,105,0.07
15106,15,106,1.26
15107,15,107,0.76
15108,15,108,1.43
15109,15,109,1.66
15110,15,110,0.55
15111,15,111,-0.71
15112,15,112,-0.47
15113,15,113,0.02
15114,15,114,-0.80
15115,15,115,0.38
15116,15,116,0.33
15117,15,117,-0.21
15118,15,118,0.63
15119,15,119,-0.35
15120,15,120,0.53
15121,15,121,2.19
15122,15,122,0.85
15123,15,123,-0.21
15124,15,124,-0.94
15125,15,125,0.49
15001,15,001,-0.50
15002,15,002,0.57
15003,15,003,-0.49
15004,15,004,0.08
15005,15,005,-0.25
15006,15,006,0.79
15007,15,007,-0.55
15008,15,008,0.15
15009,15,009,0.58
15010,15,010,0.27
15011,15,011,0.05
15012,15,012,0.69
15013,15,013,1.88
15014,15,014,0.21
15015,15,015,-0.11
15016,15,016,-0.07
15017,15,017,0.24
15018,15,018,0.77
15019,15,019,0.80
15020,15,020,2.37
15021,15,021,0.16
15022,15,022,0.83
15023,15,023,0.25
15024,15,024,2.03
15025,15,025,0.68
15026,15,026,-0.55
15027,15,027,1.21
15028,15,028,0.64
15029,15,029,1.35
15030,15,030,0.47
15031,15,031,0.54
15032,15,032,-0.81
15033,15,033,1.59
15034,15,034,-0.30
15035,15,035,0.55
15036,15,036,-0.22
15037,15,037,2.36
15038,15,038,0.39
15039,15,039,1.36
15040,15,040,0.60
15041,15,041,-0.89
15042,15,042,-0.48
15043,15,043,-0.02
15044,15,044,1.22
15045,15,045,-0.33
15046,15,046,0.73
15047,15,047,-0.56
15048,15,048,-0.31
15049,15,049,-0.44
15050,15,050,0.01
15051,15,051,0.47
15052,15,052,-0.11
15053,15,053,0.94
15054,15,054,2.31
15055,15,055,0.91
15056,15,056,-0.72
15057,15,057,1.81
15058,15,058,1.59
15059,15,059,0.19
15060,15,060,1.08
15061,15,061,0.42
15062,15,062,0.75
15063,15,063,-0.27
15064,15,064,-0.12
15065,15,065,0.05
15066,15,066,-0.38
15067,15,067,-0.14
15068,15,068,0.32
15069,15,069,0.78
15070,15,070,0.83
15071,15,071,-0.06
15072,15,072,0.36
15073,15,073,1.28
15074,15,074,-0.75
15075,15,075,0.41
15076,15,076,0.97
15077,15,077,-0.24
15078,15,078,0.26
15079,15,079,-0.37
15080,15,080,-0.31
15081,15,081,1.51
15082,15,082,0.19
15083,15,083,0.61
15084,15,084,-0.01
15085,15,085,-0.08
15086,15,086,-0.52
15087,15,087,-0.45
15088,15,088,0.48
15089,15,089,0.16
15090,15,090,0.22
15091,15,091,0.36
15092,15,092,0.45
15093,15,093,0.48
15094,15,094,0.09
15095,15,095,0.99
15096,15,096,0.26
15097,15,097,-0.02
15098,15,098,0.10
15099,15,099,1.15
16100,16,100,-0.31
16101,16,101,-0.28
16102,16,102,1.18
16103,16,103,1.02
16104,16,104,0.57
16105,16,105,0.75
16106,16,106,0.80
16107,16,107,0.98
16108,16,108,1.34
16109,16,109,0.31
16110,16,110,0.24
16111,16,111,0.35
16112,16,112,0.43
16113,16,113,0.01
16001,16,001,-0.07
16002,16,002,0.44
16003,16,003,-0.21
16004,16,004,-0.03
16005,16,005,-0.03
16006,16,006,0.87
16007,16,007,-0.11
16008,16,008,-0.57
16009,16,009,0.23
16010,16,010,0.38
16011,16,011,0.79
16012,16,012,0.47
16013,16,013,0.23
16014,16,014,0.77
16015,16,015,0.27
16016,16,016,0.12
16017,16,017,-0.39
16018,16,018,-0.18
16019,16,019,1.40
16020,16,020,-0.30
16021,16,021,-0.42
16022,16,022,0.11
16023,16,023,0.76
16024,16,024,-0.12
16025,16,025,-0.24
16026,16,026,-0.22
16027,16,027,-0.16
16028,16,028,0.93
16029,16,029,-0.02
16030,16,030,0.84
16031,16,031,-0.66
16032,16,032,-0.36
16033,16,033,0.20
16034,16,034,0.38
16035,16,035,0.14
16036,16,036,0.49
16037,16,037,-0.02
16038,16,038,0.35
16039,16,039,-0.35
16040,16,040,-0.17
16041,16,041,-0.16
16042,16,042,0.70
16043,16,043,1.11
16044,16,044,0.42
16045,16,045,1.45
16046,16,046,0.14
16047,16,047,0.19
16048,16,048,-0.06
16049,16,049,-0.13
16050,16,050,-0.08
16051,16,051,1.48
16052,16,052,1.12
16053,16,053,1.56
16054,16,054,-0.06
16055,16,055,0.39
16056,16,056,-0.34
16057,16,057,-0.12
16058,16,058,0.57
16059,16,059,0.29
16060,16,060,0.47
16061,16,061,-0.51
16062,16,062,0.66
16063,16,063,0.22
16064,16,064,0.18
16065,16,065,0.23
16066,16,066,0.64
16067,16,067,0.23
16068,16,068,0.93
16069,16,069,1.39
16070,16,070,0.42
16071,16,071,0.44
16072,16,072,0.06
16073,16,073,0.19
16074,16,074,0.53
16075,16,075,0.92
16076,16,076,1.47
16077,16,077,0.31
16078,16,078,0.15
16079,16,079,-0.18
16080,16,080,-0.30
16081,16,081,-0.61
16082,16,082,0.46
16083,16,083,0.06
16084,16,084,0.07
16085,16,085,0.52
16086,16,086,0.72
16087,16,087,0.45
16088,16,088,0.65
16089,16,089,0.55
16090,16,090,0.11
16091,16,091,0.84
16092,16,092,-0.17
16093,16,093,-0.37
16094,16,094,0.31
16095,16,095,1.01
16096,16,096,-0.14
16097,16,097,-0.16
16098,16,098,0.30
16099,16,099,0.03
17001,17,001,0.36
17002,17,002,0.63
17003,17,003,0.34
17004,17,004,0.63
17005,17,005,0.19
17006,17,006,1.28
17007,17,007,2.23
17008,17,008,1.24
17009,17,009,0.67
17010,17,010,0.36
17011,17,011,1.65
17012,17,012,1.19
17013,17,013,0.63
17014,17,014,0.49
17015,17,015,0.37
17016,17,016,-0.11
17017,17,017,0.12
17018,17,018,0.98
17019,17,019,0.20
17020,17,020,1.02
17021,17,021,0.36
17022,17,022,-0.10
17023,17,023,-0.02
17024,17,024,0.66
17025,17,025,0.72
17026,17,026,0.55
17027,17,027,0.34
17028,17,028,0.87
17029,17,029,0.93
17030,17,030,0.51
17031,17,031,1.40
17032,17,032,0.24
17033,17,033,-0.03
18001,18,001,0.49
18002,18,002,0.74
18003,18,003,0.78
18004,18,004,0.93
18005,18,005,-0.75
18006,18,006,0.98
18007,18,007,0.13
18008,18,008,1.57
18009,18,009,-1.14
18010,18,010,0.07
18011,18,011,0.11
18012,18,012,0.40
18013,18,013,0.73
18014,18,014,0.48
18015,18,015,0.35
18016,18,016,0.62
18017,18,017,1.75
18018,18,018,0.50
18019,18,019,-0.66
18020,18,020,1.19
19001,19,001,0.48
19002,19,002,0.93
19003,19,003,0.58
19004,19,004,1.62
19005,19,005,1.17
19006,19,006,2.18
19007,19,007,-0.04
19008,19,008,1.28
19009,19,009,1.23
19010,19,010,0.67
19011,19,011,1.28
19012,19,012,0.58
19013,19,013,1.24
19014,19,014,-0.05
19015,19,015,-0.04
19016,19,016,0.39
19017,19,017,0.12
19018,19,018,1.35
19019,19,019,3.55
19020,19,020,1.15
19021,19,021,1.53
19022,19,022,0.58
19023,19,023,1.08
19024,19,024,-0.24
19025,19,025,0.74
19026,19,026,2.35
19027,19,027,0.28
19028,19,028,0.92
19029,19,029,1.28
19030,19,030,0.15
19031,19,031,1.26
19032,19,032,1.04
19033,19,033,1.13
19034,19,034,1.02
19035,19,035,0.99
19036,19,036,-0.38
19037,19,037,0.93
19038,19,038,1.17
19039,19,039,2.42
19040,19,040,1.22
19041,19,041,0.47
19042,19,042,0.44
19043,19,043,0.07
19044,19,044,1.72
19045,19,045,0.19
19046,19,046,2.73
19047,19,047,1.48
19048,19,048,2.07
19049,19,049,1.84
19050,19,050,0.34
19051,19,051,1.13
20100,20,100,-0.72
20101,20,101,-0.61
20102,20,102,-0.24
20103,20,103,-0.30
20104,20,104,-1.12
20105,20,105,-1.01
20106,20,106,-1.39
20107,20,107,0.83
20108,20,108,-1.12
20109,20,109,-0.18
20110,20,110,-1.43
20111,20,111,-0.85
20112,20,112,-0.76
20113,20,113,-0.57
20114,20,114,-0.19
20115,20,115,0.78
20116,20,116,-1.32
20117,20,117,-0.95
20118,20,118,-0.33
20119,20,119,-0.59
20120,20,120,-0.17
20121,20,121,-0.92
20122,20,122,-1.36
20123,20,123,-0.83
20124,20,124,-0.49
20125,20,125,-1.13
20126,20,126,-1.44
20127,20,127,-1.41
20128,20,128,-0.62
20129,20,129,-0.12
20130,20,130,-0.93
20131,20,131,-0.67
20132,20,132,-0.28
20133,20,133,-1.34
20134,20,134,-0.72
20135,20,135,-0.64
20136,20,136,-0.59
20137,20,137,-1.30
20138,20,138,-0.26
20139,20,139,-1.29
20141,20,141,-0.86
20142,20,142,-1.14
20143,20,143,-0.38
20144,20,144,-1.04
20145,20,145,0.16
20146,20,146,-0.95
20147,20,147,-0.94
20148,20,148,-1.35
20149,20,149,-0.78
20150,20,150,-0.27
20151,20,151,-0.80
20152,20,152,-0.46
20153,20,153,-0.30
20154,20,154,-1.07
20155,20,155,-1.02
20156,20,156,-0.62
20157,20,157,1.52
20158,20,158,-1.05
20159,20,159,-1.01
20160,20,160,-0.57
20161,20,161,-0.71
20162,20,162,-1.12
20163,20,163,-0.90
20164,20,164,-0.49
20165,20,165,-0.94
20166,20,166,-0.38
20167,20,167,-1.02
20168,20,168,-0.45
20169,20,169,-1.00
20170,20,170,-1.38
20171,20,171,-1.40
20172,20,172,-0.56
20173,20,173,-1.16
20174,20,174,0.56
20175,20,175,-1.40
20176,20,176,-0.84
20177,20,177,-0.26
20178,20,178,0.68
20179,20,179,-1.31
20180,20,180,-0.19
20181,20,181,-1.30
20182,20,182,-1.15
20183,20,183,-0.77
20184,20,184,0.45
20185,20,185,-0.05
20186,20,186,-0.54
20187,20,187,-1.32
20188,20,188,-0.82
20189,20,189,-1.24
20190,20,190,-0.62
20191,20,191,-0.22
20192,20,192,0.31
20193,20,193,-0.04
20194,20,194,-0.51
20195,20,195,-1.21
20196,20,196,-0.53
20197,20,197,-0.53
20198,20,198,-0.93
20199,20,199,-1.18
20200,20,200,-1.05
20201,20,201,-1.00
20202,20,202,-0.69
20203,20,203,-0.84
20204,20,204,-1.39
20205,20,205,-0.96
20206,20,206,-0.82
20207,20,207,-1.03
20208,20,208,-1.18
20209,20,209,-1.50
20210,20,210,-1.29
20211,20,211,-1.40
20212,20,212,-1.49
20213,20,213,-0.41
20214,20,214,-0.55
20215,20,215,-0.40
20216,20,216,-1.17
20217,20,217,-1.33
20218,20,218,-1.44
20219,20,219,-0.66
20220,20,220,-1.16
20221,20,221,-0.70
20222,20,222,-1.01
20223,20,223,-1.09
20224,20,224,0.02
20225,20,225,-1.07
20226,20,226,-0.34
20227,20,227,0.61
20228,20,228,-1.44
20229,20,229,-1.23
20230,20,230,-0.36
20231,20,231,-1.44
20232,20,232,-0.85
20233,20,233,-0.43
20234,20,234,-1.33
20235,20,235,-1.04
20236,20,236,-1.35
20237,20,237,-0.26
20238,20,238,-0.40
20239,20,239,-0.78
20240,20,240,-1.24
20241,20,241,-0.51
20242,20,242,-0.87
20243,20,243,0.07
20244,20,244,-0.95
20245,20,245,-0.65
20246,20,246,-0.81
20247,20,247,0.30
20248,20,248,-1.08
20249,20,249,-0.74
20250,20,250,-0.64
20251,20,251,-1.08
20252,20,252,-1.26
20253,20,253,-1.14
20254,20,254,-1.11
20255,20,255,-1.27
20256,20,256,-0.78
20257,20,257,-0.85
20258,20,258,-1.28
20259,20,259,-1.20
20260,20,260,-0.82
20261,20,261,-0.97
20262,20,262,-0.53
20263,20,263,-0.81
20264,20,264,-1.33
20265,20,265,-0.99
20266,20,266,-0.78
20267,20,267,-0.55
20268,20,268,-0.33
20269,20,269,-0.72
20270,20,270,-1.33
20271,20,271,-0.95
20272,20,272,-0.44
20273,20,273,-1.32
20274,20,274,-1.45
20275,20,275,-1.33
20276,20,276,-1.14
20277,20,277,-0.85
20278,20,278,-0.82
20279,20,279,-0.77
20280,20,280,-0.70
20281,20,281,-0.35
20282,20,282,-1.06
20283,20,283,-0.32
20284,20,284,-0.82
20285,20,285,-0.30
20286,20,286,-0.61
20287,20,287,-0.73
20288,20,288,-1.22
20289,20,289,-0.62
20290,20,290,-0.17
20291,20,291,-0.92
20292,20,292,-1.17
20293,20,293,1.45
20294,20,294,0.18
20295,20,295,0.01
20296,20,296,-0.90
20297,20,297,-1.52
20298,20,298,-0.35
20299,20,299,-0.52
20300,20,300,-0.24
20301,20,301,-0.29
20302,20,302,-0.79
20303,20,303,-0.47
20304,20,304,-1.40
20305,20,305,0.39
20306,20,306,-0.98
20307,20,307,-0.18
20308,20,308,0.02
20309,20,309,-1.04
20310,20,310,-0.36
20311,20,311,-0.93
20312,20,312,-0.86
20313,20,313,-1.41
20314,20,314,-0.64
20315,20,315,-0.86
20316,20,316,-1.32
20317,20,317,-0.89
20318,20,318,0.34
20319,20,319,-1.48
20320,20,320,-1.19
20321,20,321,-1.18
20322,20,322,-1.10
20323,20,323,-1.09
20324,20,324,-0.11
20325,20,325,-0.78
20326,20,326,-1.24
20327,20,327,-0.15
20328,20,328,-1.42
20329,20,329,-1.39
20330,20,330,-0.97
20331,20,331,-1.16
20332,20,332,-0.91
20333,20,333,-0.14
20334,20,334,-0.22
20335,20,335,-1.36
20336,20,336,-0.53
20337,20,337,-0.90
20338,20,338,0.78
20339,20,339,-0.26
20340,20,340,-1.07
20341,20,341,-0.26
20342,20,342,0.11
20343,20,343,-0.19
20344,20,344,-1.21
20345,20,345,-0.46
20346,20,346,-0.74
20347,20,347,-1.11
20348,20,348,-0.61
20349,20,349,-0.10
20350,20,350,2.39
20351,20,351,-0.60
20352,20,352,-0.84
20353,20,353,-0.60
20354,20,354,-1.34
20355,20,355,-1.28
20356,20,356,-0.28
20357,20,357,-0.98
20358,20,358,-0.44
20359,20,359,-0.89
20360,20,360,-0.62
20361,20,361,-1.34
20362,20,362,-0.50
20363,20,363,-0.28
20364,20,364,-0.51
20365,20,365,-0.86
20366,20,366,-0.85
20367,20,367,-0.66
20368,20,368,-0.28
20369,20,369,-0.42
20370,20,370,-1.05
20371,20,371,-1.02
20372,20,372,-1.41
20373,20,373,-1.45
20374,20,374,-1.08
20375,20,375,1.27
20376,20,376,-0.21
20377,20,377,-1.20
20378,20,378,-0.55
20379,20,379,-1.14
20380,20,380,-0.06
20381,20,381,-0.12
20382,20,382,-1.26
20383,20,383,-1.15
20384,20,384,-0.79
20385,20,385,1.11
20386,20,386,-1.42
20387,20,387,-0.30
20388,20,388,-0.93
20389,20,389,-0.91
20390,20,390,1.53
20391,20,391,-0.95
20392,20,392,-1.43
20393,20,393,-0.80
20394,20,394,-1.17
20395,20,395,-1.37
20396,20,396,-1.41
20397,20,397,-0.23
20398,20,398,-0.47
20399,20,399,0.45
20400,20,400,-0.57
20401,20,401,-0.22
20402,20,402,-0.28
20403,20,403,-0.22
20404,20,404,-0.24
20405,20,405,-0.62
20406,20,406,-1.33
20408,20,408,-0.91
20409,20,409,1.59
20410,20,410,-1.17
20411,20,411,-0.12
20412,20,412,-1.04
20413,20,413,0.71
20414,20,414,-0.39
20415,20,415,0.00
20416,20,416,-1.34
20417,20,417,-0.56
20418,20,418,0.13
20419,20,419,-0.35
20420,20,420,-1.29
20421,20,421,0.04
20422,20,422,-0.60
20423,20,423,-1.11
20424,20,424,-1.40
20425,20,425,-1.27
20426,20,426,-1.44
20428,20,428,-1.47
20429,20,429,-0.93
20430,20,430,-1.43
20431,20,431,-0.54
20432,20,432,-0.93
20433,20,433,-0.89
20434,20,434,-1.33
20435,20,435,-1.05
20436,20,436,-1.10
20437,20,437,-0.78
20438,20,438,-1.21
20439,20,439,-0.72
20440,20,440,-1.17
20441,20,441,-0.75
20442,20,442,-0.29
20443,20,443,-0.85
20444,20,444,-1.28
20445,20,445,-1.47
20446,20,446,-1.44
20447,20,447,-0.43
20448,20,448,-1.50
20449,20,449,-1.16
20450,20,450,-1.42
20451,20,451,-1.49
20452,20,452,-0.91
20453,20,453,-0.20
20454,20,454,-1.41
20455,20,455,-1.01
20456,20,456,-0.65
20457,20,457,-1.40
20458,20,458,-0.69
20459,20,459,-0.78
20460,20,460,-1.03
20461,20,461,-1.18
20462,20,462,-0.48
20463,20,463,-1.19
20464,20,464,-0.85
20465,20,465,-1.46
20466,20,466,-1.32
20467,20,467,-0.08
20468,20,468,-0.90
20469,20,469,-0.58
20470,20,470,-1.03
20471,20,471,-1.25
20472,20,472,-0.18
20473,20,473,-0.73
20474,20,474,-0.39
20475,20,475,-0.34
20476,20,476,-1.01
20477,20,477,-0.18
20478,20,478,-0.97
20479,20,479,-1.09
20480,20,480,-1.43
20481,20,481,-1.46
20482,20,482,0.15
20483,20,483,-0.49
20484,20,484,-0.52
20485,20,485,-0.80
20486,20,486,-0.76
20487,20,487,-0.70
20488,20,488,-0.29
20489,20,489,-0.92
20490,20,490,-1.41
20491,20,491,-1.19
20492,20,492,-1.10
20493,20,493,-0.76
20494,20,494,-1.40
20495,20,495,-1.40
20496,20,496,-0.15
20497,20,497,-0.98
20498,20,498,-0.73
20499,20,499,0.01
20500,20,500,-1.03
20501,20,501,-0.25
20502,20,502,-0.74
20503,20,503,-0.50
20504,20,504,-0.59
20505,20,505,0.11
20506,20,506,-0.40
20507,20,507,-0.48
20508,20,508,0.00
20509,20,509,-0.99
20510,20,510,-1.17
20511,20,511,-1.21
20512,20,512,-1.17
20513,20,513,-1.04
20514,20,514,-1.42
20515,20,515,0.30
20516,20,516,-0.81
20517,20,517,-1.19
20518,20,518,-0.96
20519,20,519,0.15
20520,20,520,-0.10
20521,20,521,-1.12
20522,20,522,-1.06
20523,20,523,0.18
20524,20,524,-1.02
20525,20,525,-0.32
20526,20,526,-0.54
20527,20,527,-1.40
20528,20,528,-1.15
20529,20,529,-1.15
20530,20,530,-0.36
20531,20,531,-0.35
20532,20,532,-1.38
20533,20,533,-0.47
20534,20,534,-1.28
20535,20,535,-1.27
20536,20,536,-0.75
20537,20,537,-0.30
20538,20,538,-1.00
20539,20,539,0.28
20540,20,540,0.12
20541,20,541,-0.95
20542,20,542,-0.66
20543,20,543,-0.73
20544,20,544,-0.17
20545,20,545,0.31
20546,20,546,0.27
20547,20,547,-0.75
20548,20,548,-0.31
20549,20,549,-0.61
20550,20,550,-0.08
20551,20,551,0.38
20552,20,552,-0.67
20553,20,553,0.64
20554,20,554,-1.10
20555,20,555,-0.62
20556,20,556,-0.91
20557,20,557,0.43
20558,20,558,-0.35
20559,20,559,-0.45
20560,20,560,-0.66
20561,20,561,-0.78
20562,20,562,-0.70
20563,20,563,-0.80
20564,20,564,-1.41
20565,20,565,-0.20
20566,20,566,-1.34
20567,20,567,-0.75
20568,20,568,-0.60
20569,20,569,-0.99
20570,20,570,-0.26
20001,20,001,-1.07
20002,20,002,-0.31
20003,20,003,-1.34
20004,20,004,-0.15
20005,20,005,0.06
20006,20,006,-0.28
20007,20,007,-0.85
20008,20,008,-0.95
20009,20,009,-0.76
20010,20,010,0.48
20011,20,011,-0.44
20012,20,012,-0.78
20013,20,013,-0.09
20014,20,014,0.77
20015,20,015,-1.00
20016,20,016,-1.46
20017,20,017,-0.88
20018,20,018,-0.60
20019,20,019,-0.99
20020,20,020,-0.48
20021,20,021,0.33
20022,20,022,-1.04
20023,20,023,-0.06
20024,20,024,-1.13
20025,20,025,0.27
20026,20,026,-0.84
20027,20,027,-1.01
20028,20,028,-0.47
20029,20,029,-1.34
20030,20,030,1.34
20031,20,031,-0.68
20032,20,032,-0.38
20033,20,033,0.60
20034,20,034,-0.75
20035,20,035,1.05
20036,20,036,-1.10
20037,20,037,-0.85
20038,20,038,-0.24
20039,20,039,0.47
20040,20,040,-1.42
20041,20,041,-0.77
20042,20,042,-0.36
20043,20,043,0.37
20044,20,044,0.15
20045,20,045,0.35
20046,20,046,-0.76
20047,20,047,-0.06
20048,20,048,-0.86
20049,20,049,-0.49
20050,20,050,-1.46
20051,20,051,-0.94
20052,20,052,-0.46
20053,20,053,-0.07
20054,20,054,-0.79
20055,20,055,-0.22
20056,20,056,-1.02
20058,20,058,-1.31
20059,20,059,-0.24
20060,20,060,-1.08
20061,20,061,-0.82
20062,20,062,0.23
20063,20,063,0.53
20064,20,064,-0.46
20065,20,065,-0.74
20066,20,066,-0.23
20067,20,067,1.67
20068,20,068,0.06
20069,20,069,-1.01
20070,20,070,-0.47
20071,20,071,-0.87
20072,20,072,-0.70
20073,20,073,-0.40
20074,20,074,-1.26
20075,20,075,0.08
20076,20,076,-0.65
20077,20,077,0.07
20078,20,078,0.20
20079,20,079,1.15
20080,20,080,-1.06
20081,20,081,-0.29
20082,20,082,-0.76
20083,20,083,0.71
20084,20,084,1.38
20085,20,085,-0.99
20086,20,086,-1.14
20087,20,087,-0.13
20088,20,088,-1.34
20089,20,089,-0.98
20090,20,090,-0.43
20091,20,091,1.93
20092,20,092,-0.33
20093,20,093,-1.18
20094,20,094,-1.04
20095,20,095,-1.30
20096,20,096,-0.09
20097,20,097,-0.54
20098,20,098,-1.11
20099,20,099,-1.01
21100,21,100,-0.89
21101,21,101,-0.68
21102,21,102,0.08
21103,21,103,-0.45
21104,21,104,-0.44
21105,21,105,-0.13
21106,21,106,-0.17
21107,21,107,-1.05
21108,21,108,-0.09
21109,21,109,-0.39
21110,21,110,-0.68
21111,21,111,-0.81
21112,21,112,-0.52
21113,21,113,-0.01
21114,21,114,1.59
21115,21,115,-0.54
21116,21,116,-0.75
21117,21,117,0.32
21118,21,118,-0.39
21119,21,119,2.23
21120,21,120,-0.94
21121,21,121,-1.28
21122,21,122,0.07
21123,21,123,-0.93
21124,21,124,0.04
21125,21,125,1.00
21126,21,126,-0.42
21127,21,127,-0.85
21128,21,128,-0.30
21129,21,129,-0.51
21130,21,130,-0.50
21131,21,131,-0.58
21132,21,132,0.51
21133,21,133,0.20
21134,21,134,0.06
21135,21,135,-1.14
21136,21,136,0.94
21137,21,137,-0.60
21139,21,139,-0.28
21140,21,140,1.24
21141,21,141,-0.06
21142,21,142,-0.22
21143,21,143,-0.02
21144,21,144,-0.15
21145,21,145,-1.33
21146,21,146,-0.94
21147,21,147,-0.69
21148,21,148,-0.40
21149,21,149,-0.24
21150,21,150,-1.01
21151,21,151,-0.22
21152,21,152,-0.51
21153,21,153,-0.40
21154,21,154,-0.13
21155,21,155,0.08
21156,21,156,0.77
21157,21,157,0.03
21158,21,158,-0.74
21159,21,159,-0.68
21160,21,160,-0.26
21161,21,161,-0.22
21162,21,162,-0.65
21163,21,163,-0.32
21164,21,164,-0.16
21165,21,165,-0.79
21166,21,166,0.49
21167,21,167,-1.04
21168,21,168,-0.36
21169,21,169,-0.46
21170,21,170,-0.60
21171,21,171,-0.53
21172,21,172,-0.43
21173,21,173,0.65
21174,21,174,0.70
21175,21,175,-0.08
21176,21,176,-0.02
21177,21,177,-0.51
21178,21,178,-0.90
21179,21,179,-0.61
21180,21,180,-0.18
21181,21,181,0.07
21182,21,182,-0.46
21183,21,183,-0.85
21184,21,184,-0.95
21185,21,185,0.21
21186,21,186,-0.05
21187,21,187,-1.07
21188,21,188,-0.38
21189,21,189,-0.45
21190,21,190,-1.20
21191,21,191,0.44
21192,21,192,-0.56
21193,21,193,-1.07
21194,21,194,-0.18
21195,21,195,-0.90
21196,21,196,-0.42
21197,21,197,-0.05
21198,21,198,-0.44
21199,21,199,-0.56
21200,21,200,-0.73
21201,21,201,0.10
21202,21,202,-0.68
21203,21,203,-0.61
21204,21,204,-0.25
21205,21,205,-0.50
21206,21,206,-0.73
21207,21,207,-0.19
21208,21,208,0.15
21209,21,209,-0.06
21210,21,210,-0.39
21211,21,211,0.45
21212,21,212,-0.88
21213,21,213,-0.88
21214,21,214,-0.25
21215,21,215,-0.66
21216,21,216,-0.83
21217,21,217,-1.06
21001,21,001,-0.18
21002,21,002,-0.58
21003,21,003,0.14
21004,21,004,-0.39
21005,21,005,-0.70
21006,21,006,-0.58
21007,21,007,-0.54
21008,21,008,0.05
21009,21,009,-0.06
21010,21,010,-0.74
21011,21,011,0.26
21012,21,012,-0.40
21013,21,013,-0.12
21014,21,014,-0.43
21015,21,015,0.44
21016,21,016,-0.56
21017,21,017,-0.33
21018,21,018,-1.03
21019,21,019,0.90
21020,21,020,-0.30
21021,21,021,0.34
21022,21,022,-0.33
21023,21,023,-0.81
21024,21,024,0.28
21025,21,025,-0.35
21026,21,026,-0.23
21027,21,027,-0.99
21028,21,028,-1.28
21029,21,029,-0.62
21030,21,030,-0.88
21031,21,031,-0.17
21032,21,032,0.08
21033,21,033,-0.59
21034,21,034,0.54
21035,21,035,-0.24
21036,21,036,-1.18
21037,21,037,-0.57
21038,21,038,-0.46
21039,21,039,-0.72
21040,21,040,-0.66
21041,21,041,1.13
21042,21,042,-0.86
21043,21,043,-0.49
21044,21,044,-0.41
21045,21,045,-0.04
21046,21,046,-0.55
21047,21,047,0.18
21048,21,048,-0.07
21049,21,049,-1.03
21050,21,050,-0.71
21051,21,051,0.44
21052,21,052,-0.97
21053,21,053,0.10
21054,21,054,-0.18
21055,21,055,-0.87
21056,21,056,-0.09
21057,21,057,-0.73
21058,21,058,-0.69
21059,21,059,0.00
21060,21,060,-0.63
21061,21,061,-1.41
21062,21,062,0.39
21063,21,063,-0.40
21064,21,064,-0.47
21065,21,065,-0.61
21066,21,066,-0.18
21067,21,067,-0.24
21068,21,068,-0.97
21069,21,069,-0.10
21070,21,070,-1.00
21071,21,071,0.36
21072,21,072,-1.00
21073,21,073,-0.23
21074,21,074,0.23
21075,21,075,-0.64
21076,21,076,-0.59
21077,21,077,-1.22
21078,21,078,-0.85
21079,21,079,-0.37
21080,21,080,-1.13
21081,21,081,-0.66
21082,21,082,0.09
21083,21,083,-0.79
21084,21,084,-0.95
21085,21,085,0.83
21086,21,086,-0.69
21087,21,087,-0.39
21088,21,088,-0.61
21089,21,089,-0.55
21090,21,090,0.47
21091,21,091,0.88
21092,21,092,-0.90
21093,21,093,-0.69
21094,21,094,-0.07
21095,21,095,-0.71
21096,21,096,-0.46
21097,21,097,-0.14
21098,21,098,-0.63
21099,21,099,-0.40
22001,22,001,-0.51
22002,22,002,-0.64
22003,22,003,0.28
22004,22,004,-0.14
22005,22,005,-0.15
22006,22,006,2.59
22007,22,007,0.30
22008,22,008,0.03
22009,22,009,0.42
22010,22,010,-0.20
22011,22,011,0.74
22012,22,012,0.19
22013,22,013,-0.05
22014,22,014,2.11
22015,22,015,0.32
22016,22,016,1.00
22017,22,017,0.60
22018,22,018,-0.31
23001,23,001,1.65
23002,23,002,0.08
23003,23,003,0.87
23004,23,004,1.26
23005,23,005,1.63
23006,23,006,-0.07
23007,23,007,-0.10
23008,23,008,0.98
23009,23,009,0.92
23010,23,010,0.02
24001,24,001,-0.42
24002,24,002,-0.49
24003,24,003,-1.03
24004,24,004,-0.52
24005,24,005,0.46
24006,24,006,-0.31
24007,24,007,0.69
24008,24,008,0.68
24009,24,009,0.66
24010,24,010,-0.06
24011,24,011,0.43
24012,24,012,-0.67
24013,24,013,1.03
24014,24,014,-0.74
24015,24,015,0.20
24016,24,016,0.58
24017,24,017,-0.50
24018,24,018,-0.52
24019,24,019,-0.44
24020,24,020,1.30
24021,24,021,-0.22
24022,24,022,-0.44
24023,24,023,0.22
24024,24,024,0.67
24025,24,025,0.15
24026,24,026,-1.16
24027,24,027,0.41
24028,24,028,1.90
24029,24,029,-0.44
24030,24,030,-0.23
24031,24,031,-1.08
24032,24,032,-0.02
24033,24,033,-0.13
24034,24,034,-0.20
24035,24,035,1.50
24036,24,036,0.08
24037,24,037,-0.21
24038,24,038,-0.50
24039,24,039,-0.32
24040,24,040,0.30
24041,24,041,-0.96
24042,24,042,0.72
24043,24,043,-0.11
24044,24,044,-0.18
24045,24,045,-0.25
24046,24,046,-0.28
24047,24,047,-0.42
24048,24,048,0.75
24049,24,049,-0.29
24050,24,050,-0.23
24051,24,051,-0.21
24052,24,052,-0.20
24053,24,053,-0.19
24054,24,054,-0.55
24055,24,055,-0.42
24056,24,056,-0.18
24057,24,057,-0.46
24058,24,058,0.27
25001,25,001,1.31
25002,25,002,0.89
25003,25,003,-0.15
25004,25,004,0.34
25005,25,005,0.49
25006,25,006,1.69
25007,25,007,0.20
25008,25,008,0.31
25009,25,009,0.80
25010,25,010,0.29
25011,25,011,0.97
25012,25,012,1.62
25013,25,013,0.35
25014,25,014,0.50
25015,25,015,1.35
25016,25,016,0.37
25017,25,017,0.20
25018,25,018,0.21
26001,26,001,1.38
26002,26,002,1.66
26003,26,003,0.38
26004,26,004,1.26
26005,26,005,0.43
26006,26,006,0.98
26007,26,007,0.87
26008,26,008,0.67
26009,26,009,1.13
26010,26,010,0.93
26011,26,011,0.47
26012,26,012,0.36
26013,26,013,1.14
26014,26,014,0.75
26015,26,015,0.58
26016,26,016,1.49
26017,26,017,1.39
26018,26,018,1.36
26019,26,019,2.43
26020,26,020,0.76
26021,26,021,0.24
26022,26,022,0.33
26023,26,023,1.49
26024,26,024,0.82
26025,26,025,1.16
26026,26,026,0.00
26027,26,027,1.94
26028,26,028,1.05
26029,26,029,1.55
26030,26,030,1.95
26031,26,031,0.64
26032,26,032,1.30
26033,26,033,0.39
26034,26,034,1.49
26035,26,035,1.59
26036,26,036,1.85
26037,26,037,0.66
26038,26,038,2.23
26039,26,039,1.88
26040,26,040,0.20
26041,26,041,2.33
26042,26,042,0.92
26043,26,043,1.88
26044,26,044,0.49
26045,26,045,0.57
26046,26,046,0.66
26047,26,047,1.26
26048,26,048,1.61
26049,26,049,-0.35
26050,26,050,0.28
26051,26,051,0.11
26052,26,052,0.70
26053,26,053,0.88
26054,26,054,0.56
26055,26,055,1.53
26056,26,056,-0.15
26057,26,057,0.92
26058,26,058,1.98
26059,26,059,0.99
26060,26,060,0.26
26061,26,061,0.14
26062,26,062,0.61
26063,26,063,1.38
26064,26,064,0.62
26065,26,065,0.28
26066,26,066,1.00
26067,26,067,1.34
26068,26,068,0.70
26069,26,069,0.37
26071,26,071,0.67
26072,26,072,0.10
27001,27,001,0.06
27002,27,002,0.46
27003,27,003,-0.29
27004,27,004,1.27
27005,27,005,0.40
27006,27,006,-0.02
27007,27,007,0.60
27008,27,008,0.31
27009,27,009,-0.17
27010,27,010,0.02
27011,27,011,-0.19
27012,27,012,0.20
27013,27,013,0.69
27014,27,014,0.92
27015,27,015,-0.52
27016,27,016,0.07
27017,27,017,0.24
28001,28,001,0.44
28002,28,002,0.40
28003,28,003,1.12
28004,28,004,0.41
28005,28,005,0.25
28006,28,006,-0.67
28007,28,007,0.84
28008,28,008,-0.49
28009,28,009,2.16
28010,28,010,0.04
28011,28,011,-0.05
28012,28,012,0.35
28013,28,013,-0.17
28014,28,014,1.52
28015,28,015,0.73
28016,28,016,-0.02
28017,28,017,0.35
28018,28,018,0.46
28019,28,019,0.05
28020,28,020,0.36
28021,28,021,1.22
28022,28,022,1.25
28023,28,023,0.24
28024,28,024,1.40
28025,28,025,1.69
28026,28,026,-0.39
28027,28,027,1.60
28028,28,028,0.23
28029,28,029,0.24
28030,28,030,0.13
28031,28,031,0.23
28032,28,032,1.09
28033,28,033,0.84
28034,28,034,-0.49
28035,28,035,0.67
28036,28,036,-0.93
28037,28,037,0.54
28038,28,038,2.12
28039,28,039,-0.12
28040,28,040,0.89
28041,28,041,1.79
28042,28,042,-0.04
28043,28,043,0.38
29001,29,001,0.82
29002,29,002,1.22
29003,29,003,0.09
29004,29,004,-0.59
29005,29,005,1.42
29006,29,006,0.64
29007,29,007,-0.36
29008,29,008,-0.38
29009,29,009,-0.23
29010,29,010,0.77
29011,29,011,0.54
29012,29,012,-0.44
29013,29,013,0.01
29014,29,014,0.34
29015,29,015,0.30
29016,29,016,-0.16
29017,29,017,-0.06
29018,29,018,0.21
29019,29,019,0.10
29020,29,020,0.48
29021,29,021,0.65
29022,29,022,-0.15
29023,29,023,0.17
29024,29,024,0.75
29025,29,025,-0.10
29026,29,026,0.50
29027,29,027,0.27
29028,29,028,0.12
29029,29,029,0.44
29030,29,030,-0.39
29031,29,031,0.79
29032,29,032,0.08
29033,29,033,1.77
29034,29,034,0.25
29035,29,035,0.19
29036,29,036,1.35
29037,29,037,-0.69
29038,29,038,0.71
29039,29,039,0.25
29040,29,040,0.26
29041,29,041,0.45
29042,29,042,0.87
29043,29,043,1.12
29044,29,044,0.57
29045,29,045,0.37
29046,29,046,-0.04
29047,29,047,0.31
29048,29,048,0.07
29049,29,049,0.58
29050,29,050,0.06
29051,29,051,0.31
29052,29,052,-0.45
29053,29,053,0.18
29054,29,054,0.29
29055,29,055,0.47
29056,29,056,-0.06
29057,29,057,0.45
29058,29,058,0.12
29059,29,059,-0.06
29060,29,060,0.02
30100,30,100,-0.21
30101,30,101,0.21
30102,30,102,0.47
30103,30,103,-0.95
30104,30,104,-0.96
30105,30,105,0.93
30106,30,106,-0.66
30107,30,107,-1.12
30108,30,108,1.18
30109,30,109,0.23
30110,30,110,-1.32
30111,30,111,0.40
30112,30,112,0.02
30113,30,113,-0.40
30114,30,114,0.12
30115,30,115,0.68
30116,30,116,0.44
30117,30,117,-0.35
30118,30,118,1.78
30119,30,119,0.03
30120,30,120,-0.09
30121,30,121,0.03
30122,30,122,-0.74
30123,30,123,0.42
30124,30,124,0.21
30125,30,125,-0.24
30126,30,126,0.09
30127,30,127,-0.93
30128,30,128,0.06
30129,30,129,0.04
30130,30,130,-0.20
30131,30,131,2.10
30132,30,132,-0.51
30133,30,133,0.52
30134,30,134,0.16
30135,30,135,-0.26
30136,30,136,0.38
30137,30,137,-1.09
30138,30,138,1.29
30139,30,139,0.21
30140,30,140,-0.66
30141,30,141,0.01
30142,30,142,-0.08
30143,30,143,-0.42
30144,30,144,-0.03
30145,30,145,0.31
30146,30,146,-0.54
30147,30,147,-0.85
30148,30,148,-0.08
30149,30,149,-0.97
30150,30,150,-0.21
30151,30,151,-0.33
30152,30,152,0.06
30153,30,153,-0.39
30154,30,154,-0.36
30155,30,155,-0.34
30156,30,156,-1.06
30157,30,157,-0.15
30158,30,158,-0.14
30159,30,159,-0.73
30160,30,160,0.02
30161,30,161,0.13
30162,30,162,-0.73
30163,30,163,-0.41
30164,30,164,0.27
30165,30,165,-0.83
30166,30,166,-0.72
30167,30,167,-0.38
30168,30,168,-1.04
30169,30,169,-0.24
30170,30,170,-1.27
30171,30,171,-0.55
30172,30,172,-0.27
30173,30,173,-0.54
30174,30,174,0.65
30175,30,175,0.41
30176,30,176,0.07
30177,30,177,-0.92
30178,30,178,0.34
30179,30,179,-0.50
30180,30,180,-0.98
30181,30,181,-0.17
30182,30,182,0.30
30183,30,183,0.13
30184,30,184,-0.89
30185,30,185,-0.33
30186,30,186,0.09
30187,30,187,-0.95
30188,30,188,-0.51
30189,30,189,1.27
30190,30,190,-0.36
30191,30,191,0.92
30192,30,192,0.36
30193,30,193,1.65
30194,30,194,-0.52
30195,30,195,-0.80
30196,30,196,0.24
30197,30,197,0.00
30198,30,198,-0.79
30199,30,199,-0.23
30200,30,200,-0.33
30201,30,201,-0.82
30202,30,202,-1.22
30203,30,203,-0.58
30204,30,204,1.21
30205,30,205,0.60
30206,30,206,1.66
30207,30,207,0.06
30208,30,208,0.95
30209,30,209,-0.81
30210,30,210,-0.51
30211,30,211,0.10
30212,30,212,-0.56
30001,30,001,-0.28
30002,30,002,-0.54
30003,30,003,0.46
30004,30,004,0.00
30005,30,005,0.12
30006,30,006,-0.54
30007,30,007,-0.48
30008,30,008,-0.79
30009,30,009,-0.14
30010,30,010,-0.20
30011,30,011,0.83
30012,30,012,-0.28
30013,30,013,1.32
30014,30,014,0.35
30015,30,015,-0.25
30016,30,016,0.87
30017,30,017,0.07
30018,30,018,-1.13
30019,30,019,-0.75
30020,30,020,-1.24
30021,30,021,0.46
30022,30,022,-0.40
30023,30,023,-0.60
30024,30,024,-0.56
30025,30,025,-0.86
30026,30,026,1.21
30027,30,027,-0.98
30028,30,028,2.06
30029,30,029,-0.98
30030,30,030,0.88
30031,30,031,-0.62
30032,30,032,0.14
30033,30,033,-0.43
30034,30,034,1.40
30035,30,035,-0.16
30036,30,036,-0.15
30037,30,037,-0.55
30038,30,038,1.28
30039,30,039,1.41
30040,30,040,1.14
30041,30,041,-0.77
30042,30,042,-0.17
30043,30,043,-0.74
30044,30,044,1.14
30045,30,045,0.59
30046,30,046,-0.61
30047,30,047,-0.33
30048,30,048,0.78
30049,30,049,0.21
30050,30,050,-0.67
30051,30,051,-0.47
30052,30,052,0.00
30053,30,053,0.43
30054,30,054,-0.16
30055,30,055,-0.14
30056,30,056,-0.28
30057,30,057,-0.82
30058,30,058,-0.60
30059,30,059,0.16
30060,30,060,-0.05
30061,30,061,0.44
30062,30,062,-0.38
30063,30,063,-0.31
30064,30,064,-0.75
30065,30,065,1.07
30066,30,066,-0.50
30067,30,067,-0.92
30068,30,068,1.32
30069,30,069,0.35
30070,30,070,-0.44
30071,30,071,0.29
30072,30,072,-0.43
30073,30,073,-0.42
30074,30,074,0.37
30075,30,075,-0.31
30076,30,076,-1.00
30077,30,077,0.13
30078,30,078,-0.45
30079,30,079,-0.75
30080,30,080,-0.45
30081,30,081,0.45
30082,30,082,0.38
30083,30,083,-1.07
30084,30,084,0.09
30085,30,085,0.73
30086,30,086,-0.45
30087,30,087,1.83
30088,30,088,-0.22
30089,30,089,0.49
30090,30,090,-0.12
30091,30,091,-0.04
30092,30,092,0.09
30093,30,093,0.55
30094,30,094,-0.01
30095,30,095,-0.19
30096,30,096,-0.87
30097,30,097,0.71
30098,30,098,-0.98
30099,30,099,-0.27
31100,31,100,-0.21
31101,31,101,0.34
31102,31,102,0.18
31103,31,103,-0.37
31104,31,104,-0.35
31105,31,105,-0.09
31106,31,106,-0.37
31001,31,001,-0.48
31002,31,002,-0.29
31003,31,003,0.16
31004,31,004,-0.28
31005,31,005,-0.37
31006,31,006,0.08
31007,31,007,0.00
31008,31,008,-0.32
31009,31,009,0.58
31010,31,010,-0.31
31011,31,011,0.45
31012,31,012,-0.19
31013,31,013,0.59
31014,31,014,-0.25
31015,31,015,-0.16
31016,31,016,-0.12
31017,31,017,-0.58
31018,31,018,-0.12
31019,31,019,-0.65
31020,31,020,-0.01
31021,31,021,-0.69
31022,31,022,-0.56
31023,31,023,0.25
31024,31,024,0.21
31025,31,025,-0.03
31026,31,026,-0.05
31027,31,027,0.69
31028,31,028,0.49
31029,31,029,0.30
31030,31,030,-0.26
31031,31,031,-0.14
31032,31,032,-0.32
31033,31,033,0.12
31034,31,034,-0.49
31035,31,035,-0.30
31036,31,036,-0.05
31037,31,037,-0.14
31038,31,038,-0.06
31039,31,039,-0.06
31040,31,040,0.01
31041,31,041,0.55
31042,31,042,-0.41
31043,31,043,-0.32
31044,31,044,-0.15
31045,31,045,-0.30
31046,31,046,-0.03
31047,31,047,0.05
31048,31,048,0.14
31049,31,049,-0.20
31050,31,050,1.87
31051,31,051,-0.09
31052,31,052,-0.07
31053,31,053,0.21
31054,31,054,-0.45
31055,31,055,-0.14
31056,31,056,0.59
31057,31,057,0.26
31058,31,058,0.50
31059,31,059,1.32
31060,31,060,0.43
31061,31,061,0.84
31062,31,062,-0.13
31063,31,063,-0.38
31064,31,064,-0.49
31065,31,065,0.40
31066,31,066,0.11
31067,31,067,-0.42
31068,31,068,-0.18
31069,31,069,0.11
31070,31,070,0.21
31071,31,071,-0.73
31072,31,072,-0.09
31073,31,073,-0.20
31074,31,074,-0.33
31075,31,075,0.34
31076,31,076,-0.31
31077,31,077,-0.41
31078,31,078,-0.09
31079,31,079,0.41
31080,31,080,0.27
31081,31,081,-0.65
31082,31,082,0.09
31083,31,083,0.03
31084,31,084,0.03
31085,31,085,-0.64
31086,31,086,0.06
31087,31,087,-0.45
31088,31,088,-0.20
31089,31,089,0.80
31090,31,090,-0.54
31091,31,091,0.11
31092,31,092,-0.79
31093,31,093,0.44
31094,31,094,-0.23
31095,31,095,-0.33
31096,31,096,0.19
31097,31,097,-0.06
31098,31,098,0.11
31099,31,099,-0.87
32001,32,001,0.41
32002,32,002,-0.05
32003,32,003,-0.11
32004,32,004,0.51
32005,32,005,0.53
32006,32,006,0.42
32007,32,007,0.78
32008,32,008,0.04
32009,32,009,0.29
32010,32,010,0.93
32011,32,011,0.87
32012,32,012,-0.58
32013,32,013,0.06
32014,32,014,-0.04
32015,32,015,-0.55
32016,32,016,0.05
32017,32,017,1.75
32018,32,018,0.11
32019,32,019,0.64
32020,32,020,1.12
32021,32,021,-0.91
32022,32,022,0.59
32023,32,023,0.95
32024,32,024,0.41
32025,32,025,0.21
32026,32,026,-0.28
32027,32,027,-0.80
32028,32,028,-0.08
32029,32,029,0.43
32030,32,030,0.60
32031,32,031,0.62
32032,32,032,0.92
32033,32,033,0.42
32034,32,034,0.59
32035,32,035,-0.02
32036,32,036,0.18
32037,32,037,-0.25
32038,32,038,-0.37
32039,32,039,0.76
32040,32,040,-0.08
32041,32,041,-0.71
32042,32,042,0.33
32043,32,043,0.15
32044,32,044,0.46
32045,32,045,0.33
32046,32,046,0.29
32047,32,047,0.95
32048,32,048,0.67
32049,32,049,0.25
32050,32,050,0.13
32051,32,051,-0.19
32052,32,052,0.09
32053,32,053,0.41
32054,32,054,-0.10
32055,32,055,0.46
32056,32,056,2.15
32057,32,057,0.09
32058,32,058,0.07
